"id","year","expend","revenue","grants"
114,1979,0.0229736,0.018177,0.0054429
114,1980,0.0266307,0.0209142,0.0057304
114,1981,0.0273253,0.0210836,0.0056647
114,1982,0.0288704,0.023431,0.0058859
114,1983,0.0226474,0.0179979,0.0055908
114,1984,0.0215601,0.0179949,0.0047536
114,1985,0.021959,0.0162235,0.0054905
114,1986,0.0208887,0.0159412,0.0053983
114,1987,0.0213267,0.0165892,0.0051345
115,1979,0.0156618,0.0145388,0.0043538
115,1980,0.0169676,0.0120869,0.0045656
115,1981,0.0177103,0.0127321,0.0051158
115,1982,0.0180481,0.0122875,0.0047823
115,1983,0.0142374,0.0098543,0.004608
115,1984,0.0163231,0.0126863,0.0045813
115,1985,0.0146979,0.0116686,0.0046442
115,1986,0.0187262,0.0114199,0.0044024
115,1987,0.017147,0.0117049,0.004478
120,1979,0.0184838,0.0141516,0.0044573
120,1980,0.0191331,0.0143768,0.0047812
120,1981,0.0183667,0.0134865,0.004488
120,1982,0.0175743,0.0144868,0.0044453
120,1983,0.0161189,0.0137483,0.004122
120,1984,0.0166541,0.0120973,0.0040402
120,1985,0.0168847,0.0128326,0.00409
120,1986,0.0166095,0.0119202,0.004186
120,1987,0.0170306,0.0124913,0.0039737
123,1979,0.0250073,0.0201867,0.0053014
123,1980,0.0255251,0.0195138,0.0052895
123,1981,0.0271434,0.0208347,0.0052964
123,1982,0.027985,0.0221759,0.005211
123,1983,0.0202159,0.0153417,0.0052723
123,1984,0.0200153,0.016413,0.0048115
123,1985,0.0216899,0.01769,0.0054034
123,1986,0.0216471,0.0163155,0.0049888
123,1987,0.0267085,0.0219611,0.0051286
125,1979,0.0167595,0.013094,0.0041528
125,1980,0.017293,0.0123338,0.0045735
125,1981,0.016768,0.012931,0.0043864
125,1982,0.0171215,0.013155,0.0042053
125,1983,0.0150811,0.0107631,0.0042052
125,1984,0.0153968,0.011009,0.0041448
125,1985,0.0159064,0.0117504,0.0039209
125,1986,0.0164406,0.0125861,0.0049408
125,1987,0.0169779,0.0120602,0.0044498
126,1979,0.0219676,0.0181674,0.0048689
126,1980,0.0217616,0.0173885,0.0048047
126,1981,0.0222326,0.0182411,0.0044607
126,1982,0.022246,0.0182746,0.0044455
126,1983,0.0187667,0.0149633,0.0045554
126,1984,0.0187814,0.0144672,0.0045471
126,1985,0.0190589,0.0139736,0.0047767
126,1986,0.0194701,0.0140837,0.0047631
126,1987,0.0191126,0.0145366,0.0046701
136,1979,0.0231743,0.0172042,0.0060384
136,1980,0.0245967,0.0173582,0.006536
136,1981,0.0206463,0.0151346,0.005898
136,1982,0.0211217,0.0161283,0.0057188
136,1983,0.0182058,0.0118334,0.0056735
136,1984,0.0179112,0.0123566,0.0055618
136,1985,0.0178823,0.012606,0.0051657
136,1986,0.0185606,0.0129887,0.0052017
136,1987,0.018101,0.0123385,0.0051862
138,1979,0.0193453,0.0148716,0.0053375
138,1980,0.0191195,0.0141446,0.0055588
138,1981,0.0207367,0.015909,0.0053564
138,1982,0.0223942,0.0163147,0.0054142
138,1983,0.0173469,0.0117937,0.0053568
138,1984,0.0174333,0.0128002,0.0050795
138,1985,0.0169316,0.0116849,0.0048706
138,1986,0.0182262,0.0127599,0.00489
138,1987,0.017268,0.0126449,0.0049236
139,1979,0.0194953,0.0152409,0.00518
139,1980,0.019583,0.0125925,0.005586
139,1981,0.019883,0.0147211,0.0062831
139,1982,0.0217389,0.0166368,0.0060952
139,1983,0.0201505,0.0138605,0.0068413
139,1984,0.0192867,0.013488,0.0061746
139,1985,0.0192668,0.0122691,0.0061371
139,1986,0.0187613,0.0117901,0.0063611
139,1987,0.0192023,0.0136853,0.0059216
160,1979,0.0183892,0.0135097,0.0047393
160,1980,0.0187225,0.0140094,0.0048461
160,1981,0.0187404,0.0143453,0.0047351
160,1982,0.0182531,0.0136378,0.00467
160,1983,0.0147415,0.0104118,0.0044672
160,1984,0.0145606,0.0103823,0.0044278
160,1985,0.0142048,0.0099963,0.0045194
160,1986,0.014819,0.0113629,0.0045705
160,1987,0.0158629,0.0106272,0.0047046
162,1979,0.0194371,0.0166595,0.0041089
162,1980,0.0195116,0.0169494,0.0043652
162,1981,0.022762,0.0176323,0.0041579
162,1982,0.0218111,0.0168973,0.004285
162,1983,0.0180309,0.01339,0.0040674
162,1984,0.017621,0.0140771,0.0040454
162,1985,0.018246,0.0142071,0.004078
162,1986,0.0164857,0.0140526,0.0038344
162,1987,0.0192921,0.0181579,0.0040215
163,1979,0.0225435,0.0184278,0.0047099
163,1980,0.0186703,0.0147731,0.0044931
163,1981,0.0191607,0.0160088,0.0046075
163,1982,0.0200525,0.0154452,0.0044964
163,1983,0.0169067,0.0122201,0.0044515
163,1984,0.0174109,0.0133126,0.0044498
163,1985,0.0172377,0.0124814,0.0046116
163,1986,0.0180343,0.0134563,0.0046572
163,1987,0.0186797,0.0132113,0.0045681
180,1979,0.0310347,0.0276293,0.0044812
180,1980,0.0307841,0.0263058,0.0044395
180,1981,0.0329161,0.0291416,0.0044244
180,1982,0.0338833,0.0290965,0.0044848
180,1983,0.0245821,0.0206053,0.0046155
180,1984,0.0247878,0.020263,0.0047331
180,1985,0.0253423,0.0205279,0.004539
180,1986,0.0266035,0.0222837,0.0046663
180,1987,0.0287885,0.024041,0.0047154
181,1979,0.0249773,0.0194171,0.0055475
181,1980,0.0265292,0.0200202,0.0056033
181,1981,0.0297857,0.0227815,0.0050954
181,1982,0.0326425,0.0272192,0.0048723
181,1983,0.0252096,0.0209529,0.0049096
181,1984,0.0252016,0.0215838,0.0051783
181,1985,0.0259637,0.0205718,0.0059083
181,1986,0.0264559,0.0199108,0.0051017
181,1987,0.0251184,0.0200107,0.0052715
182,1979,0.0210212,0.0166287,0.0046307
182,1980,0.0208069,0.015591,0.0047761
182,1981,0.0207503,0.0160273,0.0048289
182,1982,0.0203201,0.0161407,0.0046236
182,1983,0.0166226,0.013248,0.0045093
182,1984,0.0166046,0.0130823,0.0047497
182,1985,0.0167139,0.0119395,0.0046474
182,1986,0.0174146,0.0129245,0.0046214
182,1987,0.0172686,0.0127586,0.0047258
183,1979,0.0255746,0.0230152,0.0032989
183,1980,0.0270374,0.0241117,0.003438
183,1981,0.0271971,0.0241141,0.0035226
183,1982,0.0279353,0.024508,0.003559
183,1983,0.0231017,0.0200013,0.0034951
183,1984,0.0249004,0.0206582,0.0036692
183,1985,0.0272733,0.0225685,0.0035646
183,1986,0.0240473,0.0206297,0.0041849
183,1987,0.022305,0.0200823,0.0038703
184,1979,0.026942,0.0222933,0.0040733
184,1980,0.0267646,0.0228947,0.0039866
184,1981,0.0285038,0.0242126,0.0038162
184,1982,0.0284814,0.0246426,0.0040338
184,1983,0.0221486,0.0183393,0.0038231
184,1984,0.022432,0.0190755,0.0038072
184,1985,0.0255644,0.021184,0.0039178
184,1986,0.0229416,0.0193082,0.003899
184,1987,0.0235917,0.0186347,0.0039476
186,1979,0.0212929,0.0184957,0.0028239
186,1980,0.0211701,0.0165929,0.0038267
186,1981,0.0208916,0.016881,0.0037441
186,1982,0.0205376,0.0168586,0.0036956
186,1983,0.0142792,0.0122328,0.0036586
186,1984,0.0153593,0.0131984,0.0037332
186,1985,0.0173205,0.0134602,0.0038869
186,1986,0.0181425,0.0129097,0.0038572
186,1987,0.0178542,0.0137068,0.0040018
188,1979,0.0210542,0.0170682,0.0042233
188,1980,0.0190429,0.0149044,0.0047101
188,1981,0.0192115,0.0151411,0.0046999
188,1982,0.0198287,0.0153611,0.004886
188,1983,0.0166538,0.0121659,0.0046118
188,1984,0.0172638,0.012548,0.0047286
188,1985,0.0179925,0.0135665,0.0045703
188,1986,0.0188289,0.0131171,0.0046976
188,1987,0.0183987,0.0142811,0.0046735
191,1979,0.0187253,0.0156535,0.004587
191,1980,0.0198788,0.0148208,0.0050529
191,1981,0.0203703,0.0151147,0.0049414
191,1982,0.0201448,0.0150699,0.0051812
191,1983,0.018246,0.0134235,0.0051137
191,1984,0.0192756,0.0140523,0.0051184
191,1985,0.0189383,0.013381,0.0054909
191,1986,0.0199016,0.0145047,0.0059317
191,1987,0.0203592,0.014397,0.005747
192,1979,0.019382,0.016131,0.003888
192,1980,0.018885,0.0154704,0.0042555
192,1981,0.0199732,0.0161732,0.0041376
192,1982,0.020731,0.015624,0.0043013
192,1983,0.0151011,0.0110136,0.0042965
192,1984,0.016302,0.0118988,0.0042633
192,1985,0.016111,0.0111357,0.0042875
192,1986,0.0167023,0.0128955,0.004384
192,1987,0.0175136,0.0125388,0.0043906
305,1979,0.0156352,0.0114385,0.0049514
305,1980,0.0175179,0.0121372,0.0059623
305,1981,0.0173562,0.0115067,0.0061328
305,1982,0.0174848,0.0123928,0.0062195
305,1983,0.0143099,0.0097932,0.006078
305,1984,0.0143426,0.008798,0.0057167
305,1985,0.0153449,0.0102226,0.0055265
305,1986,0.0158922,0.0106177,0.0049026
305,1987,0.0161294,0.011026,0.0049409
319,1979,0.0187154,0.014898,0.0041045
319,1980,0.0182799,0.0141863,0.0037215
319,1981,0.021043,0.0159966,0.0041063
319,1982,0.0189655,0.0158691,0.0041285
319,1983,0.0141955,0.0097587,0.0044368
319,1984,0.0153382,0.0113876,0.0049467
319,1985,0.0160327,0.0108075,0.0048142
319,1986,0.0173673,0.0130384,0.0044526
319,1987,0.0190587,0.0127563,0.0053631
360,1979,0.0162121,0.0121732,0.0046424
360,1980,0.0159807,0.0117022,0.0054332
360,1981,0.0170221,0.0123779,0.0054998
360,1982,0.0188374,0.013578,0.0054422
360,1983,0.0159362,0.0107309,0.0053683
360,1984,0.0165433,0.0114193,0.0055091
360,1985,0.0172128,0.0120596,0.0051836
360,1986,0.0171585,0.011942,0.0052936
360,1987,0.0170732,0.0113215,0.0054436
380,1979,0.0240807,0.0201083,0.0043441
380,1980,0.0269371,0.0216557,0.0044843
380,1981,0.0251563,0.0212891,0.0043819
380,1982,0.0250352,0.0214894,0.0041948
380,1983,0.0219355,0.0186956,0.0041757
380,1984,0.0216044,0.0196381,0.0042306
380,1985,0.0239219,0.0152816,0.0043839
380,1986,0.0253075,0.0193129,0.0048501
380,1987,0.0243107,0.0198511,0.0042243
381,1979,0.020464,0.0154544,0.004179
381,1980,0.0205423,0.0148703,0.0046761
381,1981,0.0224746,0.0164024,0.0054099
381,1982,0.0226221,0.0183088,0.0053575
381,1983,0.0169638,0.0117693,0.0049518
381,1984,0.0178205,0.0117322,0.0050202
381,1985,0.0173661,0.0120353,0.0052938
381,1986,0.017801,0.0134946,0.0049137
381,1987,0.0184368,0.0126067,0.0053582
382,1979,0.0186859,0.0130671,0.0050252
382,1980,0.0175123,0.0133353,0.0052894
382,1981,0.0171622,0.0126492,0.0050123
382,1982,0.0177547,0.0128064,0.0050542
382,1983,0.0163891,0.0114885,0.0052714
382,1984,0.0168117,0.0112732,0.0055637
382,1985,0.0179581,0.0108685,0.0055083
382,1986,0.0183475,0.0106895,0.0053176
382,1987,0.0187784,0.0148713,0.0058497
428,1979,0.0140729,0.0102037,0.0041089
428,1980,0.0139921,0.0114495,0.0043782
428,1981,0.0168848,0.0118456,0.0047493
428,1982,0.0160464,0.0105061,0.0048765
428,1983,0.0141449,0.0101035,0.0050109
428,1984,0.0147389,0.0104996,0.0052388
428,1985,0.0149557,0.0090212,0.0049367
428,1986,0.0157851,0.0102711,0.0049046
428,1987,0.0160607,0.0104884,0.0054011
481,1979,0.0197339,0.0163383,0.0042794
481,1980,0.0194444,0.0142251,0.004155
481,1981,0.020954,0.0167975,0.0042137
481,1982,0.0214669,0.0180883,0.005059
481,1983,0.0184566,0.0137708,0.0051325
481,1984,0.0188905,0.0131291,0.0053459
481,1985,0.0192153,0.0138626,0.0049893
481,1986,0.0207427,0.0161025,0.0049166
481,1987,0.0201699,0.015644,0.00454
482,1979,0.0159295,0.0120276,0.003773
482,1980,0.016098,0.0114556,0.004618
482,1981,0.0166498,0.0131131,0.004467
482,1982,0.017259,0.0137262,0.0047686
482,1983,0.0154914,0.0116121,0.0044637
482,1984,0.0160666,0.010929,0.0048689
482,1985,0.0171696,0.0119456,0.0045101
482,1986,0.0164165,0.0113704,0.0046665
482,1987,0.0170571,0.0125456,0.00476
483,1979,0.0188031,0.0141384,0.0046439
483,1980,0.0187958,0.0147335,0.0052112
483,1981,0.0186168,0.0143254,0.0052047
483,1982,0.0189241,0.0143812,0.0053225
483,1983,0.0165424,0.0114505,0.0050812
483,1984,0.0165089,0.0111661,0.005205
483,1985,0.01652,0.0109646,0.0052377
483,1986,0.0166499,0.011068,0.0053362
483,1987,0.019424,0.013507,0.005763
484,1979,0.022703,0.0180117,0.0049234
484,1980,0.0248449,0.019239,0.0050886
484,1981,0.0230635,0.0185211,0.005259
484,1982,0.0239117,0.019616,0.0050934
484,1983,0.0214807,0.0157505,0.0051889
484,1984,0.0203841,0.0155497,0.005363
484,1985,0.0215153,0.0161847,0.0050519
484,1986,0.0221229,0.0165269,0.0048816
484,1987,0.0223527,0.0166996,0.005052
486,1979,0.0171871,0.0149071,0.0040046
486,1980,0.0176578,0.0136631,0.0042381
486,1981,0.0186141,0.0144518,0.0045144
486,1982,0.0177951,0.0142516,0.0045315
486,1983,0.0149381,0.0111801,0.0042788
486,1984,0.015772,0.0107337,0.0045388
486,1985,0.0159803,0.0112026,0.0041713
486,1986,0.0152689,0.0110565,0.0042085
486,1987,0.0161321,0.0113534,0.0044701
509,1979,0.0145436,0.0106093,0.0045856
509,1980,0.0144041,0.0108742,0.0047382
509,1981,0.0156914,0.0107851,0.0053385
509,1982,0.0164521,0.0110951,0.0052165
509,1983,0.0144606,0.0083185,0.0053674
509,1984,0.0134676,0.0086277,0.005594
509,1985,0.0147233,0.0085153,0.0053781
509,1986,0.0151494,0.0105635,0.0052343
509,1987,0.0152999,0.0116469,0.0054566
512,1979,0.0139631,0.009957,0.0041617
512,1980,0.0172399,0.01409,0.0046402
512,1981,0.0162629,0.0102453,0.0047215
512,1982,0.0157996,0.0113746,0.0055596
512,1983,0.0130307,0.0101034,0.0048444
512,1984,0.0143252,0.0097224,0.0049474
512,1985,0.0140106,0.0095874,0.0046779
512,1986,0.0160199,0.0101724,0.0049428
512,1987,0.0156127,0.0108303,0.0055116
513,1979,0.0146168,0.0100167,0.0037837
513,1980,0.0141294,0.010549,0.0043623
513,1981,0.0153476,0.0102529,0.0050693
513,1982,0.0150408,0.0100549,0.0048434
513,1983,0.0135682,0.0084512,0.0049189
513,1984,0.0139404,0.0089327,0.0048515
513,1985,0.015047,0.0096024,0.0049893
513,1986,0.0147617,0.0097846,0.0050714
513,1987,0.017063,0.0105335,0.0055285
560,1979,0.0174439,0.0118676,0.0039749
560,1980,0.0161918,0.0118756,0.0042662
560,1981,0.0185627,0.0145203,0.0050182
560,1982,0.0172164,0.0120019,0.0052145
560,1983,0.014655,0.0094395,0.0051957
560,1984,0.0157238,0.010782,0.00526
560,1985,0.0150696,0.0097676,0.0052841
560,1986,0.0159554,0.0105408,0.0057372
560,1987,0.0195261,0.0129295,0.0059205
561,1979,0.0151923,0.0113393,0.0038013
561,1980,0.0152159,0.0111228,0.0042972
561,1981,0.015505,0.0115168,0.0047379
561,1982,0.0161132,0.0105947,0.0045186
561,1983,0.0146251,0.0094498,0.0047161
561,1984,0.0146641,0.009948,0.0049407
561,1985,0.0142757,0.0094199,0.004777
561,1986,0.0150985,0.0108351,0.0043761
561,1987,0.0169081,0.0115279,0.0048466
562,1979,0.0199305,0.0151158,0.0043426
562,1980,0.0192068,0.0146959,0.0045936
562,1981,0.0195181,0.0151759,0.0046868
562,1982,0.0196442,0.0148133,0.0047649
562,1983,0.0149761,0.0104437,0.0049983
562,1984,0.0154673,0.0104124,0.0050771
562,1985,0.016013,0.010664,0.0049206
562,1986,0.0174662,0.0127943,0.0049339
562,1987,0.0175164,0.0124906,0.0049245
563,1979,0.0187205,0.0136199,0.0046618
563,1980,0.0176339,0.0112933,0.0051892
563,1981,0.0183762,0.0133408,0.0055563
563,1982,0.0192007,0.0136952,0.0057246
563,1983,0.0170556,0.0117979,0.0058545
563,1984,0.0161443,0.0097486,0.0062286
563,1985,0.0159422,0.0105068,0.0061176
563,1986,0.0175668,0.0114864,0.0069179
563,1987,0.0164235,0.0113937,0.0066075
580,1979,0.0187347,0.014264,0.0043795
580,1980,0.0184265,0.0139558,0.0042826
580,1981,0.0194071,0.0145476,0.0044543
580,1982,0.0183626,0.0146778,0.0044429
580,1983,0.0151545,0.0103479,0.0046834
580,1984,0.0151139,0.0108382,0.004478
580,1985,0.0159308,0.010389,0.0047551
580,1986,0.0163054,0.0119467,0.0047643
580,1987,0.0172631,0.010705,0.0046264
581,1979,0.0246182,0.0202347,0.0044652
581,1980,0.0243524,0.0205937,0.0046966
581,1981,0.0249907,0.021105,0.00486
581,1982,0.0270947,0.0226063,0.0050529
581,1983,0.0234896,0.0190062,0.0053047
581,1984,0.0224323,0.0227316,0.0056904
581,1985,0.0279049,0.0228384,0.0053742
581,1986,0.0273534,0.0218511,0.005437
581,1987,0.031237,0.0260981,0.00541
582,1979,0.0163861,0.0137619,0.0040584
582,1980,0.0165382,0.0121922,0.004372
582,1981,0.0180426,0.0129362,0.0048833
582,1982,0.0167934,0.0117395,0.0048844
582,1983,0.0146848,0.0099551,0.004949
582,1984,0.0142731,0.0095479,0.0049116
582,1985,0.0150637,0.0098817,0.005207
582,1986,0.0165941,0.0102445,0.0051881
582,1987,0.0171099,0.0115343,0.0057892
586,1979,0.0186935,0.0141684,0.0051955
586,1980,0.018683,0.0142339,0.0052001
586,1981,0.0211047,0.0145247,0.0057272
586,1982,0.017474,0.0115886,0.0059716
586,1983,0.0158532,0.009658,0.0055396
586,1984,0.0153996,0.0104948,0.00559
586,1985,0.0162935,0.0103671,0.0054901
586,1986,0.0166393,0.0108564,0.0055378
586,1987,0.0170775,0.0112153,0.0058658
604,1979,0.0149458,0.0124097,0.0043336
604,1980,0.0145827,0.0101239,0.0051696
604,1981,0.0148456,0.0103018,0.0052292
604,1982,0.0166308,0.0106293,0.00564
604,1983,0.0140892,0.0090797,0.0054544
604,1984,0.0145869,0.0090721,0.0054526
604,1985,0.0139663,0.0086703,0.0054721
604,1986,0.0162222,0.0111796,0.0052088
604,1987,0.0152387,0.0098059,0.0058486
617,1979,0.0148208,0.0130331,0.0036139
617,1980,0.0168948,0.0146665,0.0042237
617,1981,0.0189368,0.0156221,0.0039538
617,1982,0.0211783,0.014554,0.0045412
617,1983,0.0143846,0.0116483,0.0043601
617,1984,0.0144006,0.0110599,0.004307
617,1985,0.0156932,0.0113241,0.0043357
617,1986,0.0157872,0.0116321,0.0041863
617,1987,0.0153923,0.0115942,0.0043378
662,1979,0.018465,0.0145395,0.0038424
662,1980,0.0172977,0.0138423,0.0039386
662,1981,0.0176041,0.0141636,0.0037808
662,1982,0.0177359,0.0139905,0.004719
662,1983,0.0137905,0.0100103,0.0044675
662,1984,0.0144165,0.0098771,0.004566
662,1985,0.0139793,0.0099393,0.004379
662,1986,0.0151205,0.0105696,0.0042352
662,1987,0.0164933,0.0113515,0.0045691
665,1979,0.0171938,0.0138683,0.0036369
665,1980,0.0169922,0.013293,0.0038812
665,1981,0.0164582,0.0134931,0.0046532
665,1982,0.017994,0.0140809,0.0045293
665,1983,0.0150542,0.0100738,0.0047257
665,1984,0.0152616,0.0111267,0.005031
665,1985,0.0159004,0.0108423,0.0047743
665,1986,0.0167898,0.0111378,0.0050821
665,1987,0.0174204,0.012035,0.0053931
680,1979,0.0198586,0.016624,0.0039428
680,1980,0.019904,0.0150695,0.0044733
680,1981,0.0210221,0.0174167,0.0044477
680,1982,0.0222206,0.0172636,0.0045089
680,1983,0.0184377,0.014041,0.0045364
680,1984,0.0195453,0.0141808,0.0046201
680,1985,0.0206427,0.0157226,0.0047801
680,1986,0.0208211,0.0157769,0.0046161
680,1987,0.0235103,0.0195728,0.004809
682,1979,0.0190404,0.014944,0.0043401
682,1980,0.0186795,0.0146008,0.004262
682,1981,0.0193542,0.0144785,0.0043236
682,1982,0.0193281,0.0150338,0.0046258
682,1983,0.0181873,0.014168,0.0045852
682,1984,0.0164131,0.011435,0.0047746
682,1985,0.0184351,0.0132569,0.0049521
682,1986,0.0195151,0.0137642,0.005394
682,1987,0.0195979,0.0134658,0.0054757
683,1979,0.0180321,0.0148748,0.0042579
683,1980,0.0175975,0.0138221,0.004294
683,1981,0.0179896,0.0139303,0.004392
683,1982,0.0181145,0.0141352,0.0044229
683,1983,0.0155947,0.0109512,0.0044819
683,1984,0.0152235,0.0108437,0.0045314
683,1985,0.0152893,0.0109456,0.0046227
683,1986,0.0164311,0.0111161,0.0047729
683,1987,0.0167599,0.0118649,0.004937
684,1979,0.0144157,0.0115779,0.0041289
684,1980,0.0152966,0.0115594,0.0041594
684,1981,0.0155782,0.01211,0.0040253
684,1982,0.0156489,0.0113014,0.0046113
684,1983,0.0128397,0.0086342,0.0046036
684,1984,0.0128659,0.0086966,0.0048764
684,1985,0.0142757,0.0093662,0.0049181
684,1986,0.0145199,0.0094408,0.0052357
684,1987,0.0161654,0.0103548,0.005482
685,1979,0.0175217,0.0143635,0.0043644
685,1980,0.0174124,0.0128977,0.0045249
685,1981,0.0169901,0.0134206,0.0044642
685,1982,0.0178254,0.0130943,0.0048837
685,1983,0.0149576,0.010883,0.004594
685,1984,0.0151873,0.0105908,0.0045129
685,1985,0.0156629,0.0099007,0.0045803
685,1986,0.0165091,0.0119309,0.0049199
685,1987,0.0170163,0.0109234,0.0055846
686,1979,0.0187788,0.0145176,0.0042428
686,1980,0.0180711,0.0132149,0.0044995
686,1981,0.0194033,0.0162675,0.0046702
686,1982,0.0192168,0.0140808,0.0047627
686,1983,0.0167197,0.0114967,0.0045898
686,1984,0.0175298,0.0128346,0.0053532
686,1985,0.0170859,0.0115552,0.0049923
686,1986,0.0176579,0.0135998,0.0052328
686,1987,0.0192162,0.0136955,0.0054792
687,1979,0.0211449,0.0159645,0.0043785
687,1980,0.0209361,0.0161915,0.0046419
687,1981,0.0223738,0.0174157,0.0046579
687,1982,0.0238353,0.0199015,0.005129
687,1983,0.0197281,0.014474,0.0052604
687,1984,0.0189689,0.0135138,0.0054079
687,1985,0.0200283,0.01463,0.0049177
687,1986,0.0201447,0.0145507,0.0049534
687,1987,0.0206093,0.016448,0.0051458
760,1979,0.016193,0.0126012,0.004423
760,1980,0.0172034,0.0139253,0.0042615
760,1981,0.0181429,0.0129366,0.0047918
760,1982,0.0187277,0.0136337,0.004991
760,1983,0.0149605,0.0105379,0.0050785
760,1984,0.01445,0.00964,0.00503
760,1985,0.0151033,0.0103072,0.0048819
760,1986,0.0159593,0.0127912,0.0052863
760,1987,0.0169991,0.0122334,0.0056693
761,1979,0.0182824,0.0128812,0.0040834
761,1980,0.0172446,0.0130346,0.0050843
761,1981,0.0185039,0.0138405,0.0055302
761,1982,0.0185387,0.0140972,0.0058761
761,1983,0.0165718,0.0104285,0.0060675
761,1984,0.016562,0.0105992,0.0060225
761,1985,0.0194233,0.0135004,0.0062424
761,1986,0.0175095,0.0110678,0.0061932
761,1987,0.0196075,0.0123253,0.0065184
763,1979,0.0173027,0.0122851,0.0045
763,1980,0.0170057,0.0114591,0.0050424
763,1981,0.0166382,0.0126928,0.0054306
763,1982,0.0171547,0.0113098,0.0055071
763,1983,0.0150171,0.0094853,0.0057428
763,1984,0.0144775,0.0099639,0.0059739
763,1985,0.0156544,0.0095931,0.0058862
763,1986,0.0167285,0.0114581,0.0060481
763,1987,0.0160289,0.0112986,0.0066717
764,1979,0.0167346,0.013605,0.0043293
764,1980,0.0172514,0.0128244,0.0049518
764,1981,0.0182299,0.0136603,0.0052066
764,1982,0.0178378,0.0133893,0.0051207
764,1983,0.0146995,0.0103754,0.0051298
764,1984,0.0153049,0.0106776,0.0052899
764,1985,0.0172135,0.0110373,0.0048356
764,1986,0.0171971,0.0130948,0.00514
764,1987,0.017661,0.0118071,0.0053583
765,1979,0.0168066,0.0137015,0.0041039
765,1980,0.0165618,0.0124473,0.0045958
765,1981,0.0164261,0.0142031,0.0049564
765,1982,0.017801,0.0130812,0.0053826
765,1983,0.0160058,0.0099331,0.0052449
765,1984,0.0171075,0.0140221,0.0053306
765,1985,0.0151282,0.0111733,0.0051569
765,1986,0.0174195,0.0155232,0.0049839
765,1987,0.0166928,0.0115107,0.0051231
767,1979,0.0178367,0.0153489,0.0034155
767,1980,0.0184686,0.0145953,0.0039101
767,1981,0.018586,0.0142504,0.0044953
767,1982,0.0196943,0.0153238,0.0045102
767,1983,0.0162482,0.0117055,0.0046324
767,1984,0.0168346,0.0118998,0.0049818
767,1985,0.0176282,0.0129327,0.0048565
767,1986,0.0176249,0.0131381,0.0049024
767,1987,0.0185274,0.0132601,0.0056091
780,1979,0.0188923,0.0153478,0.0042991
780,1980,0.0179195,0.0139496,0.004559
780,1981,0.0183757,0.0138979,0.0044466
780,1982,0.0182006,0.0139178,0.0046814
780,1983,0.0156959,0.0112151,0.0047042
780,1984,0.0155445,0.011181,0.0047826
780,1985,0.0160109,0.0112131,0.0048758
780,1986,0.0171168,0.0112552,0.0050419
780,1987,0.0183891,0.0119261,0.0050934
781,1979,0.0169541,0.0129631,0.0043771
781,1980,0.0169035,0.013252,0.0047194
781,1981,0.0183185,0.013869,0.0048325
781,1982,0.0186114,0.0132228,0.0047589
781,1983,0.0171417,0.0126118,0.0047848
781,1984,0.0167309,0.0121148,0.0049612
781,1985,0.0162751,0.0122886,0.0047267
781,1986,0.0172434,0.0119669,0.0050029
781,1987,0.0175104,0.0118072,0.0052888
821,1979,0.0179628,0.0121179,0.004496
821,1980,0.017661,0.0133575,0.0047692
821,1981,0.0167226,0.0114935,0.0051773
821,1982,0.0201208,0.0161987,0.0053571
821,1983,0.016453,0.008961,0.0057733
821,1984,0.0164593,0.0107125,0.0058863
821,1985,0.0149752,0.0105336,0.0059444
821,1986,0.0167774,0.0100173,0.0060621
821,1987,0.0168389,0.0100957,0.0066925
834,1979,0.0157696,0.0095933,0.0046269
834,1980,0.0150748,0.0128683,0.0047839
834,1981,0.0142543,0.0088346,0.0056915
834,1982,0.0156773,0.0091045,0.005535
834,1983,0.0132066,0.007526,0.0054355
834,1984,0.0138866,0.0083728,0.0057044
834,1985,0.0138206,0.0082591,0.0057277
834,1986,0.0142408,0.0084012,0.0059246
834,1987,0.0148438,0.009202,0.0062805
840,1979,0.0155075,0.0112819,0.0047538
840,1980,0.0155285,0.0123785,0.0046551
840,1981,0.0163285,0.0114406,0.0046744
840,1982,0.0156199,0.0117002,0.0044377
840,1983,0.0145951,0.0090445,0.0044638
840,1984,0.01325,0.0096701,0.0049193
840,1985,0.0131521,0.0091819,0.0047294
840,1986,0.0136924,0.0095418,0.0045792
840,1987,0.0148321,0.0098832,0.0051963
860,1979,0.0178305,0.0140583,0.0042874
860,1980,0.0190588,0.0136262,0.0048543
860,1981,0.017558,0.0126863,0.0051441
860,1982,0.0189351,0.0129835,0.0061917
860,1983,0.0149759,0.0096044,0.0054107
860,1984,0.0151782,0.0100981,0.005049
860,1985,0.0166161,0.0110143,0.005448
860,1986,0.0174913,0.0129002,0.0051882
860,1987,0.0169456,0.0112677,0.0054083
861,1979,0.0159761,0.0123302,0.003975
861,1980,0.015959,0.0118971,0.004306
861,1981,0.0166019,0.0125744,0.0043247
861,1982,0.0168107,0.0121934,0.0041084
861,1983,0.0141394,0.0107124,0.0041866
861,1984,0.0142546,0.0101865,0.0043122
861,1985,0.014781,0.0105965,0.0044784
861,1986,0.0160309,0.0115399,0.0041749
861,1987,0.0172963,0.0123381,0.0043509
862,1979,0.0168276,0.0129578,0.0035766
862,1980,0.0162202,0.0129425,0.0039903
862,1981,0.0164873,0.0121842,0.004208
862,1982,0.0175248,0.0130492,0.0045311
862,1983,0.014935,0.0107557,0.0043945
862,1984,0.0155266,0.0107961,0.0045467
862,1985,0.0175318,0.0130472,0.0045309
862,1986,0.0170071,0.013706,0.0041285
862,1987,0.0184608,0.0137639,0.0043872
880,1979,0.0177815,0.0141728,0.003997
880,1980,0.0190289,0.0142023,0.0042299
880,1981,0.0186888,0.0148272,0.0042971
880,1982,0.0198884,0.0159685,0.0046456
880,1983,0.0161784,0.0122384,0.0045357
880,1984,0.0168843,0.012313,0.0048321
880,1985,0.0175401,0.0131159,0.0046333
880,1986,0.0185112,0.0131293,0.0049444
880,1987,0.0193392,0.0133835,0.0052502
881,1979,0.0180405,0.0141592,0.0044677
881,1980,0.0181633,0.014756,0.0045611
881,1981,0.0197533,0.01393,0.004747
881,1982,0.0200719,0.0139532,0.0049089
881,1983,0.0164406,0.0125495,0.0045737
881,1984,0.0164445,0.0115523,0.0048973
881,1985,0.0173962,0.0172032,0.0044865
881,1986,0.0177245,0.0133243,0.004675
881,1987,0.0184697,0.013458,0.005074
882,1979,0.0208287,0.016765,0.0044078
882,1980,0.0213376,0.0164765,0.0047411
882,1981,0.0229301,0.0183115,0.0052908
882,1982,0.0251288,0.0198201,0.0054205
882,1983,0.0180687,0.0122308,0.0054597
882,1984,0.0185658,0.0131436,0.0052644
882,1985,0.017934,0.0129485,0.0054775
882,1986,0.0190642,0.0132944,0.0054548
882,1987,0.0227688,0.0161181,0.0055495
883,1979,0.0169785,0.0130207,0.0039619
883,1980,0.0175261,0.0125616,0.0042993
883,1981,0.0181869,0.0137731,0.0049227
883,1982,0.0183056,0.0136897,0.0050998
883,1983,0.0156876,0.0110319,0.0051082
883,1984,0.0154731,0.0102238,0.0051278
883,1985,0.0166741,0.0108428,0.0050666
883,1986,0.0166354,0.0117452,0.005146
883,1987,0.0168159,0.0112756,0.0052454
884,1979,0.0177173,0.0139354,0.0039052
884,1980,0.0192165,0.0141258,0.0043054
884,1981,0.0188602,0.0150832,0.0043428
884,1982,0.0190475,0.014515,0.0048435
884,1983,0.0153358,0.0103359,0.0048425
884,1984,0.0150098,0.0102998,0.0051228
884,1985,0.0151487,0.0107172,0.0046105
884,1986,0.0157418,0.0114458,0.004728
884,1987,0.0170113,0.0120613,0.0051513
885,1979,0.016816,0.0124636,0.0052198
885,1980,0.0165395,0.0121947,0.0051178
885,1981,0.0160237,0.0113252,0.0049304
885,1982,0.0160562,0.0117715,0.0050063
885,1983,0.0137662,0.0085512,0.0045579
885,1984,0.0132536,0.0088615,0.0049906
885,1985,0.0139911,0.008938,0.0050078
885,1986,0.0136691,0.009176,0.0050709
885,1987,0.0148461,0.0103715,0.0048822
1060,1979,0.0168695,0.0121795,0.0056197
1060,1980,0.0165192,0.0120994,0.0056445
1060,1981,0.0178101,0.0125824,0.0057788
1060,1982,0.0200227,0.0138532,0.0061212
1060,1983,0.0165859,0.0101445,0.0061122
1060,1984,0.0176819,0.0111032,0.0055693
1060,1985,0.0170083,0.0107721,0.0055776
1060,1986,0.0168034,0.0134949,0.0052109
1060,1987,0.0174723,0.0118608,0.0051159
1080,1979,0.018256,0.015118,0.0039786
1080,1980,0.0188004,0.0146829,0.0043042
1080,1981,0.022098,0.0175745,0.004181
1080,1982,0.0227484,0.0183053,0.0054964
1080,1983,0.0171128,0.0126463,0.0050493
1080,1984,0.019184,0.0132474,0.0056721
1080,1985,0.0183767,0.0134931,0.0049277
1080,1986,0.0194267,0.0131801,0.0052701
1080,1987,0.01999,0.0137125,0.0058551
1081,1979,0.0192977,0.0148486,0.0046526
1081,1980,0.0190087,0.0138473,0.0047558
1081,1981,0.0192413,0.0148985,0.0052801
1081,1982,0.0202724,0.0146776,0.0051593
1081,1983,0.0178489,0.0122713,0.0055164
1081,1984,0.0177681,0.0130594,0.0059348
1081,1985,0.0192449,0.0128515,0.0061443
1081,1986,0.0200899,0.0145715,0.0055964
1081,1987,0.0218474,0.0147266,0.0061506
1082,1979,0.0198939,0.0166792,0.0041698
1082,1980,0.0189541,0.0151156,0.0044339
1082,1981,0.0202426,0.0152305,0.0051768
1082,1982,0.0210848,0.0166362,0.0048216
1082,1983,0.0181199,0.0135125,0.0051586
1082,1984,0.01786,0.0128644,0.0054998
1082,1985,0.0172343,0.0116398,0.0055434
1082,1986,0.0172674,0.012613,0.0049926
1082,1987,0.017238,0.012776,0.0051098
1083,1979,0.0176964,0.0148524,0.004561
1083,1980,0.0179084,0.0138794,0.004223
1083,1981,0.0202517,0.0157598,0.0052019
1083,1982,0.0223887,0.0168214,0.0051213
1083,1983,0.0181635,0.0119335,0.0054256
1083,1984,0.0200415,0.0151036,0.0055318
1083,1985,0.0193754,0.0122943,0.005402
1083,1986,0.0191239,0.0131266,0.0059974
1083,1987,0.0189707,0.0132801,0.0057853
1121,1979,0.0139683,0.0108884,0.0044031
1121,1980,0.0146697,0.0099463,0.0046762
1121,1981,0.0148974,0.0103854,0.0052887
1121,1982,0.0163356,0.0117031,0.0051933
1121,1983,0.0144626,0.0091692,0.0052859
1121,1984,0.0147109,0.0092122,0.0052417
1121,1985,0.0146816,0.0087873,0.0053941
1121,1986,0.015585,0.0091699,0.0051886
1121,1987,0.0159686,0.0111321,0.0054946
1137,1979,0.0152022,0.0116855,0.0039379
1137,1980,0.0149897,0.0113372,0.0041902
1137,1981,0.017213,0.0122372,0.004296
1137,1982,0.0182077,0.0129427,0.0049185
1137,1983,0.0152188,0.0109566,0.0048641
1137,1984,0.0151003,0.0120941,0.0048908
1137,1985,0.0146414,0.0112668,0.0046591
1137,1986,0.0163767,0.0118019,0.0045748
1137,1987,0.0163042,0.0119491,0.0049231
1160,1979,0.0148738,0.0123882,0.0036623
1160,1980,0.015139,0.0110238,0.0040687
1160,1981,0.0165285,0.0114477,0.0043686
1160,1982,0.0159921,0.0113556,0.0044106
1160,1983,0.0133559,0.0093418,0.004306
1160,1984,0.0141613,0.0090877,0.0048496
1160,1985,0.0154247,0.0111333,0.0047492
1160,1986,0.016029,0.0115856,0.0048234
1160,1987,0.0164391,0.0121707,0.0047595
1162,1979,0.0129194,0.009938,0.0034499
1162,1980,0.0126046,0.0099176,0.0040061
1162,1981,0.0146331,0.0115436,0.0038479
1162,1982,0.0154799,0.0111101,0.0040607
1162,1983,0.0125348,0.0081429,0.0041657
1162,1984,0.0132833,0.0091887,0.0042715
1162,1985,0.0136773,0.0095574,0.003853
1162,1986,0.0150287,0.0112264,0.0043366
1162,1987,0.015557,0.0116848,0.0042359
1163,1979,0.0157192,0.0120647,0.0037392
1163,1980,0.0155413,0.0119384,0.0042637
1163,1981,0.0159203,0.0122336,0.0045375
1163,1982,0.0168499,0.0122289,0.0047118
1163,1983,0.0145718,0.0095142,0.0047655
1163,1984,0.015847,0.0109002,0.0050726
1163,1985,0.0162829,0.0101842,0.005029
1163,1986,0.0160404,0.0121007,0.0048543
1163,1987,0.0167651,0.0121575,0.0047101
1165,1979,0.0149459,0.0133055,0.0033264
1165,1980,0.0153729,0.0128858,0.0035837
1165,1981,0.0174208,0.0135038,0.0039349
1165,1982,0.020033,0.0161448,0.0045983
1165,1983,0.015721,0.0102755,0.0041512
1165,1984,0.015989,0.0094138,0.0040117
1165,1985,0.0157249,0.0113019,0.0040882
1165,1986,0.0238832,0.019814,0.003883
1165,1987,0.0178984,0.0123132,0.0046094
1166,1979,0.0176576,0.0141201,0.0047536
1166,1980,0.0181732,0.0132544,0.0050769
1166,1981,0.0199851,0.0145679,0.0053765
1166,1982,0.0207737,0.0158675,0.0054504
1166,1983,0.0184885,0.0131543,0.0057172
1166,1984,0.0191924,0.012345,0.0058776
1166,1985,0.019848,0.0143426,0.0056112
1166,1986,0.0186949,0.0142734,0.005561
1166,1987,0.0188597,0.013261,0.0055585
1167,1979,0.0164921,0.0131753,0.0039985
1167,1980,0.0159721,0.0118374,0.0044631
1167,1981,0.0170107,0.0126436,0.0042423
1167,1982,0.0176022,0.0127308,0.0046792
1167,1983,0.0151148,0.0108494,0.0049911
1167,1984,0.016287,0.0103232,0.0056194
1167,1985,0.0169879,0.011555,0.0053929
1167,1986,0.0174411,0.0114718,0.0053445
1167,1987,0.0172264,0.0121765,0.0056765
1168,1979,0.0162641,0.0139754,0.0030325
1168,1980,0.015973,0.0125687,0.0035893
1168,1981,0.0157754,0.0127361,0.0035069
1168,1982,0.0158867,0.0130681,0.0037001
1168,1983,0.0129629,0.0097105,0.0036917
1168,1984,0.0131063,0.0095287,0.0035951
1168,1985,0.0140118,0.010214,0.0034968
1168,1986,0.0136809,0.0099055,0.0036766
1168,1987,0.0154828,0.0104733,0.0040135
1180,1979,0.0175021,0.0142617,0.0039247
1180,1980,0.0178402,0.0140351,0.0040371
1180,1981,0.0183731,0.014496,0.004436
1180,1982,0.0189133,0.014725,0.0046442
1180,1983,0.0163831,0.0118279,0.0047071
1180,1984,0.0170265,0.0123023,0.0048435
1180,1985,0.0174506,0.0122329,0.0050955
1180,1986,0.0175731,0.0128925,0.0050422
1180,1987,0.0183826,0.0123303,0.0053489
1181,1979,0.0165483,0.0137284,0.0033393
1181,1980,0.0170946,0.0133633,0.0039193
1181,1981,0.0185507,0.0149639,0.0045946
1181,1982,0.0192061,0.014148,0.0047447
1181,1983,0.0154645,0.0101181,0.0045126
1181,1984,0.014789,0.010068,0.0046786
1181,1985,0.0146508,0.0098751,0.0043861
1181,1986,0.0161669,0.0115691,0.0041943
1181,1987,0.0162593,0.0121559,0.0044441
1182,1979,0.0178815,0.0147054,0.0034571
1182,1980,0.0187578,0.014701,0.0039922
1182,1981,0.0188325,0.0159474,0.0042803
1182,1982,0.0199606,0.0166029,0.0040351
1182,1983,0.017396,0.0127503,0.0042176
1182,1984,0.0162771,0.012818,0.0046355
1182,1985,0.0171929,0.0134154,0.0046999
1182,1986,0.0174172,0.013453,0.0045167
1182,1987,0.0185689,0.0140285,0.0047253
1183,1979,0.0174285,0.0140131,0.004323
1183,1980,0.0172079,0.0125522,0.0045688
1183,1981,0.018199,0.0139172,0.0048714
1183,1982,0.0188644,0.0133481,0.0049209
1183,1983,0.0162015,0.0109219,0.005034
1183,1984,0.0159958,0.0116353,0.0050505
1183,1985,0.0164283,0.0116294,0.0052427
1183,1986,0.0163516,0.0119378,0.0050568
1183,1987,0.0169691,0.012393,0.0053276
1214,1979,0.0145155,0.0118786,0.0039294
1214,1980,0.0152296,0.0112866,0.0042932
1214,1981,0.0161862,0.0115956,0.0045388
1214,1982,0.0155591,0.0112972,0.0047837
1214,1983,0.0136113,0.0093678,0.0047595
1214,1984,0.0140235,0.0092676,0.0050168
1214,1985,0.0136905,0.0094762,0.0046429
1214,1986,0.0135318,0.0098619,0.0044628
1214,1987,0.0150595,0.0106346,0.0050223
1230,1979,0.0159852,0.0122729,0.0043412
1230,1980,0.0183225,0.0133678,0.0047845
1230,1981,0.0186929,0.0137504,0.0047616
1230,1982,0.0179996,0.01323,0.0050896
1230,1983,0.014524,0.0088679,0.0056157
1230,1984,0.014502,0.0090144,0.0050992
1230,1985,0.0151178,0.0095465,0.0047645
1230,1986,0.0146947,0.0100089,0.0045595
1230,1987,0.0146576,0.0112368,0.0046546
1231,1979,0.016273,0.0144183,0.0037811
1231,1980,0.0176743,0.0131695,0.0037418
1231,1981,0.0185612,0.0141911,0.0035807
1231,1982,0.0184338,0.0151346,0.0037901
1231,1983,0.016088,0.012418,0.0037333
1231,1984,0.0153587,0.0111871,0.0039151
1231,1985,0.0151608,0.0112892,0.0041689
1231,1986,0.0158464,0.0122286,0.0039983
1231,1987,0.0161645,0.0121653,0.0039605
1233,1979,0.0170624,0.0122826,0.0042077
1233,1980,0.0161084,0.0120056,0.0043112
1233,1981,0.01717,0.0131765,0.0044173
1233,1982,0.0166218,0.0124055,0.0045601
1233,1983,0.0136845,0.0107098,0.0047222
1233,1984,0.0143361,0.0104963,0.0048939
1233,1985,0.0154488,0.0106274,0.004473
1233,1986,0.0162485,0.0117829,0.0041345
1233,1987,0.0153383,0.0111965,0.0041239
1260,1979,0.0158345,0.0134605,0.004112
1260,1980,0.0171438,0.0123053,0.0045796
1260,1981,0.0169821,0.0131563,0.0040918
1260,1982,0.0179803,0.0134745,0.0049178
1260,1983,0.0144877,0.008975,0.0049686
1260,1984,0.0143092,0.0093126,0.0049069
1260,1985,0.0146059,0.0091778,0.0053996
1260,1986,0.0146499,0.0094618,0.0051745
1260,1987,0.0153862,0.010062,0.0052122
1261,1979,0.0182613,0.0154392,0.0039609
1261,1980,0.0176178,0.0135549,0.0042489
1261,1981,0.0186691,0.0146848,0.004545
1261,1982,0.019371,0.01445,0.0050114
1261,1983,0.0170207,0.0116976,0.0049102
1261,1984,0.0162439,0.0109955,0.005305
1261,1985,0.0187652,0.0129575,0.0053684
1261,1986,0.0170505,0.0124525,0.0051897
1261,1987,0.0171129,0.0121888,0.0052759
1262,1979,0.0169242,0.0144292,0.0038277
1262,1980,0.0181174,0.0141167,0.0040885
1262,1981,0.0188292,0.0141442,0.0039393
1262,1982,0.0188505,0.0149817,0.004026
1262,1983,0.0155256,0.0130871,0.0040231
1262,1984,0.0153323,0.0120696,0.0041676
1262,1985,0.0180089,0.0143209,0.0037239
1262,1986,0.0166744,0.0129627,0.0036266
1262,1987,0.018047,0.0134873,0.0037477
1264,1979,0.0149454,0.0111652,0.0041718
1264,1980,0.0192468,0.0123189,0.0046109
1264,1981,0.0167205,0.0116284,0.0048781
1264,1982,0.0169985,0.0119695,0.0051662
1264,1983,0.0151121,0.0099223,0.0053063
1264,1984,0.0148401,0.0097901,0.0056027
1264,1985,0.0147278,0.0099343,0.0051251
1264,1986,0.0162914,0.0114115,0.0054455
1264,1987,0.0161356,0.0104252,0.0054761
1265,1979,0.0147287,0.012026,0.0036339
1265,1980,0.0158357,0.011933,0.0039027
1265,1981,0.0156966,0.0115461,0.004536
1265,1982,0.0163696,0.0062285,0.0043426
1265,1983,0.0130705,0.0091463,0.0041656
1265,1984,0.0135497,0.0097169,0.004429
1265,1985,0.0134532,0.0092679,0.0040447
1265,1986,0.0138682,0.009796,0.0042046
1265,1987,0.0158571,0.0101917,0.0046237
1266,1979,0.0159717,0.0135525,0.0037824
1266,1980,0.0166792,0.0146978,0.0040328
1266,1981,0.0193746,0.0143203,0.0039666
1266,1982,0.0172407,0.0133876,0.0042266
1266,1983,0.0134887,0.0101322,0.0041014
1266,1984,0.0148541,0.0111238,0.0042512
1266,1985,0.0150112,0.0114397,0.0042968
1266,1986,0.0155507,0.0111341,0.0043944
1266,1987,0.0166624,0.0115487,0.0048137
1267,1979,0.0173837,0.0161739,0.00355
1267,1980,0.0190046,0.0133924,0.0038832
1267,1981,0.0185825,0.0143845,0.0037288
1267,1982,0.0195731,0.0161996,0.0043018
1267,1983,0.0155406,0.011269,0.0043225
1267,1984,0.0177627,0.0124916,0.0047033
1267,1985,0.0163601,0.0111358,0.0046693
1267,1986,0.0173659,0.0127046,0.004786
1267,1987,0.0190545,0.0143824,0.0050382
1281,1979,0.0217917,0.0190192,0.0041449
1281,1980,0.0225212,0.0181912,0.0041951
1281,1981,0.0233401,0.0195327,0.0042173
1281,1982,0.0240029,0.0193004,0.0043037
1281,1983,0.0214626,0.0166704,0.0043424
1281,1984,0.0220111,0.0171059,0.0044807
1281,1985,0.0238312,0.0190757,0.0045859
1281,1986,0.0236083,0.0213157,0.0047228
1281,1987,0.0232323,0.018041,0.0048769
1282,1979,0.0259887,0.0213177,0.0040126
1282,1980,0.0233275,0.0191751,0.0040813
1282,1981,0.0223678,0.0179562,0.0045333
1282,1982,0.0237003,0.0190518,0.0045728
1282,1983,0.0230085,0.018516,0.0049909
1282,1984,0.0220406,0.0169867,0.0051954
1282,1985,0.0222967,0.018263,0.0035867
1282,1986,0.0227619,0.0175573,0.0049557
1282,1987,0.0248653,0.0207608,0.0046879
1283,1979,0.0279621,0.0246014,0.0043118
1283,1980,0.0297,0.0251873,0.0042013
1283,1981,0.0321326,0.0274311,0.0041007
1283,1982,0.0316234,0.0280432,0.0040698
1283,1983,0.0222251,0.0189803,0.0041347
1283,1984,0.0225667,0.0178697,0.0045512
1283,1985,0.0242552,0.0205831,0.0046723
1283,1986,0.0241782,0.0185696,0.0045867
1283,1987,0.024835,0.0201822,0.0045833
1284,1979,0.0189196,0.0152127,0.0034276
1284,1980,0.0195153,0.0153613,0.0039097
1284,1981,0.0195421,0.0149944,0.0040363
1284,1982,0.018435,0.0155967,0.0041198
1284,1983,0.0168519,0.0127741,0.0041036
1284,1984,0.0168315,0.0125112,0.004422
1284,1985,0.0167766,0.012308,0.0042955
1284,1986,0.0164835,0.0127154,0.0041467
1284,1987,0.0174603,0.0137513,0.0045226
1285,1979,0.021143,0.0170863,0.0034754
1285,1980,0.0207732,0.0183318,0.0046548
1285,1981,0.0222718,0.0181777,0.0045105
1285,1982,0.0235651,0.0188261,0.0049618
1285,1983,0.0181136,0.0129774,0.0050763
1285,1984,0.0187398,0.0135652,0.0053044
1285,1985,0.0206952,0.0153811,0.0053909
1285,1986,0.0214525,0.0168239,0.0051146
1285,1987,0.0206013,0.0153992,0.0054408
1286,1979,0.0216157,0.0180422,0.0039853
1286,1980,0.0236271,0.0201206,0.0043019
1286,1981,0.0246988,0.0198009,0.0046997
1286,1982,0.0243559,0.0191738,0.004533
1286,1983,0.0192838,0.0152604,0.0044519
1286,1984,0.0196259,0.0154159,0.0047897
1286,1985,0.0196907,0.0150063,0.0045997
1286,1986,0.0209082,0.0167505,0.0049852
1286,1987,0.0229838,0.0166798,0.0051361
1287,1979,0.0209314,0.0168631,0.004373
1287,1980,0.0213165,0.0170896,0.0051553
1287,1981,0.0227833,0.0178476,0.0048732
1287,1982,0.0224194,0.0179108,0.0046032
1287,1983,0.0173729,0.0128088,0.0048541
1287,1984,0.0180304,0.0134764,0.0048496
1287,1985,0.0193083,0.0136192,0.0050619
1287,1986,0.0196584,0.0141777,0.0047781
1287,1987,0.0194689,0.0144958,0.0047896
1315,1979,0.0131082,0.0110892,0.0033995
1315,1980,0.013866,0.0116009,0.00364
1315,1981,0.0145163,0.0119468,0.0036021
1315,1982,0.0150345,0.0116674,0.0042397
1315,1983,0.0127876,0.0097244,0.0038959
1315,1984,0.0132219,0.0099821,0.0039014
1315,1985,0.0131769,0.0094306,0.0041821
1315,1986,0.0141367,0.0101706,0.0038338
1315,1987,0.0150638,0.0105582,0.0044545
1380,1979,0.0191454,0.0166812,0.003776
1380,1980,0.0197351,0.0161172,0.0040737
1380,1981,0.0208688,0.0165017,0.0043033
1380,1982,0.0213381,0.0180845,0.0042552
1380,1983,0.0187524,0.0146422,0.0044334
1380,1984,0.0184004,0.0142056,0.0045538
1380,1985,0.0184473,0.0142963,0.0045326
1380,1986,0.0193789,0.0150878,0.0049463
1380,1987,0.0203577,0.0149706,0.0051433
1381,1979,0.0159814,0.0120141,0.0054901
1381,1980,0.0153707,0.0110922,0.0046605
1381,1981,0.0152002,0.0105276,0.0052095
1381,1982,0.0154871,0.0109448,0.005
1381,1983,0.013702,0.0084184,0.0048603
1381,1984,0.0147556,0.0083565,0.0051444
1381,1985,0.0139339,0.0084975,0.0055404
1381,1986,0.0142326,0.0090952,0.0054936
1381,1987,0.0153768,0.0094323,0.0059489
1382,1979,0.0181245,0.0142208,0.0037428
1382,1980,0.0167475,0.0132679,0.0039736
1382,1981,0.0179944,0.0133406,0.0043299
1382,1982,0.0203294,0.0155731,0.0046287
1382,1983,0.0159283,0.0113505,0.0044969
1382,1984,0.0157062,0.0118259,0.0049042
1382,1985,0.0173901,0.0121389,0.0051515
1382,1986,0.017627,0.013751,0.0049979
1382,1987,0.0175733,0.0130589,0.004986
1383,1979,0.0174666,0.0147818,0.0039052
1383,1980,0.0178765,0.0142852,0.0038981
1383,1981,0.0180529,0.0147764,0.0042183
1383,1982,0.0194564,0.0153874,0.0043541
1383,1983,0.016601,0.0123924,0.0045511
1383,1984,0.0168114,0.0120724,0.0047603
1383,1985,0.0172452,0.0122179,0.00493
1383,1986,0.0182094,0.0120886,0.0050011
1383,1987,0.0179308,0.0127415,0.0050072
1384,1979,0.014416,0.0105337,0.0044884
1384,1980,0.0151038,0.0095787,0.0047587
1384,1981,0.0162356,0.0110906,0.0050058
1384,1982,0.0147686,0.0101777,0.0045994
1384,1983,0.0141113,0.0097641,0.0045394
1384,1984,0.0138473,0.0097405,0.0044764
1384,1985,0.0139294,0.010471,0.0040529
1384,1986,0.015292,0.0116767,0.0041542
1384,1987,0.0156309,0.0113769,0.0041652
1401,1979,0.0177758,0.0146652,0.00414
1401,1980,0.0178006,0.0142724,0.0041015
1401,1981,0.0196966,0.0150481,0.004132
1401,1982,0.0185472,0.0141403,0.0046408
1401,1983,0.0159698,0.011407,0.0043537
1401,1984,0.0150819,0.0114137,0.0042312
1401,1985,0.0162687,0.0121789,0.0039377
1401,1986,0.0166388,0.0128531,0.0038551
1401,1987,0.0168274,0.0137822,0.0040246
1402,1979,0.0178591,0.015496,0.0036126
1402,1980,0.0200398,0.0162775,0.0038981
1402,1981,0.0198109,0.0171754,0.0037749
1402,1982,0.0195105,0.0162981,0.0036979
1402,1983,0.016164,0.0128539,0.003565
1402,1984,0.0163426,0.0133368,0.0034984
1402,1985,0.0179265,0.013647,0.0037357
1402,1986,0.0190033,0.0138553,0.0035169
1402,1987,0.019623,0.0142011,0.0038656
1407,1979,0.0178486,0.0119565,0.00777
1407,1980,0.0169688,0.0117914,0.005746
1407,1981,0.0184776,0.0108185,0.0063051
1407,1982,0.0190187,0.012818,0.00663
1407,1983,0.0166599,0.0106803,0.0062791
1407,1984,0.0183956,0.0115482,0.0061068
1407,1985,0.0165108,0.0115185,0.0057442
1407,1986,0.0165203,0.0112215,0.0057924
1407,1987,0.0178124,0.0112396,0.0059226
1415,1979,0.0192017,0.0134679,0.0050705
1415,1980,0.0201962,0.0150224,0.0050629
1415,1981,0.0192239,0.0149993,0.004852
1415,1982,0.0184475,0.0138735,0.0048394
1415,1983,0.0170882,0.011633,0.0053718
1415,1984,0.0163568,0.0120209,0.0051796
1415,1985,0.0161958,0.0111215,0.0052124
1415,1986,0.0170349,0.0128673,0.0046275
1415,1987,0.0194484,0.0130832,0.0053819
1419,1979,0.0145947,0.0107963,0.0053178
1419,1980,0.0163457,0.0107917,0.0046811
1419,1981,0.0161287,0.0111129,0.0045556
1419,1982,0.0186168,0.0138573,0.0046226
1419,1983,0.0162447,0.0115721,0.0042348
1419,1984,0.014528,0.0113522,0.004597
1419,1985,0.0139456,0.0104245,0.004442
1419,1986,0.0149113,0.0106094,0.0042024
1419,1987,0.0160874,0.0123699,0.0049421
1421,1979,0.0157493,0.0120716,0.0048708
1421,1980,0.0173868,0.0116152,0.0052436
1421,1981,0.0156013,0.0102993,0.0052912
1421,1982,0.0156679,0.0099967,0.0050731
1421,1983,0.0140739,0.0091747,0.0051523
1421,1984,0.0144232,0.0096155,0.0049258
1421,1985,0.0136345,0.010018,0.0045187
1421,1986,0.0143949,0.0105256,0.0050701
1421,1987,0.0155539,0.0115327,0.005423
1427,1979,0.01957,0.0177926,0.004581
1427,1980,0.01727,0.0152326,0.0041066
1427,1981,0.0185502,0.0166588,0.004132
1427,1982,0.0223252,0.0170706,0.0047291
1427,1983,0.0182562,0.0142116,0.0050158
1427,1984,0.0182831,0.0133159,0.0054686
1427,1985,0.0212923,0.0153203,0.0050371
1427,1986,0.020634,0.0163566,0.0050513
1427,1987,0.0232761,0.0180425,0.0056039
1430,1979,0.0131314,0.0088909,0.0041302
1430,1980,0.0126944,0.0088095,0.0041722
1430,1981,0.0136709,0.0091684,0.0044144
1430,1982,0.0136938,0.0102355,0.0044447
1430,1983,0.014648,0.0092597,0.0044761
1430,1984,0.0135906,0.0087084,0.0046431
1430,1985,0.0134159,0.0086232,0.0046041
1430,1986,0.0142971,0.0098076,0.0044183
1430,1987,0.0158431,0.0108985,0.0048932
1435,1979,0.0160663,0.0129411,0.0052674
1435,1980,0.0164829,0.0102523,0.0051709
1435,1981,0.015712,0.0111205,0.0053783
1435,1982,0.0167058,0.0111807,0.005177
1435,1983,0.0161323,0.010605,0.0051975
1435,1984,0.0152021,0.0093782,0.0055425
1435,1985,0.0170133,0.0123573,0.0049817
1435,1986,0.0158646,0.0119589,0.0052965
1435,1987,0.0167421,0.0134649,0.0053649
1481,1979,0.020517,0.016642,0.0041132
1481,1980,0.0193674,0.016306,0.004042
1481,1981,0.0208865,0.0167205,0.003997
1481,1982,0.0207911,0.0175161,0.0038818
1481,1983,0.017718,0.0137978,0.0037334
1481,1984,0.0190883,0.0174728,0.0038821
1481,1985,0.018391,0.0152722,0.0042768
1481,1986,0.0184048,0.0143612,0.0039631
1481,1987,0.0189156,0.0149798,0.0042431
1482,1979,0.0202388,0.0159944,0.0049659
1482,1980,0.0185157,0.0147613,0.0049664
1482,1981,0.019773,0.0151912,0.0050214
1482,1982,0.0196933,0.0155832,0.0046853
1482,1983,0.0171359,0.0127247,0.0047292
1482,1984,0.0184385,0.0133877,0.004752
1482,1985,0.0179898,0.0131776,0.004439
1482,1986,0.0183056,0.013836,0.0042799
1482,1987,0.0195599,0.0147429,0.0043232
1484,1979,0.0212577,0.0170902,0.0047092
1484,1980,0.0207732,0.0161548,0.0046572
1484,1981,0.0212964,0.017483,0.0050667
1484,1982,0.0218886,0.0165661,0.0052892
1484,1983,0.0194103,0.0142322,0.0051172
1484,1984,0.0190372,0.0146791,0.0044651
1484,1985,0.0202595,0.0154635,0.0045457
1484,1986,0.0210575,0.0168229,0.00507
1484,1987,0.0210683,0.0152946,0.0058048
1485,1979,0.0232584,0.0198011,0.0041516
1485,1980,0.023719,0.0200604,0.0045392
1485,1981,0.0245608,0.0219874,0.0045033
1485,1982,0.024468,0.0209246,0.004434
1485,1983,0.0210193,0.0170229,0.0043611
1485,1984,0.0236986,0.017116,0.0050429
1485,1985,0.0241349,0.0191005,0.0045535
1485,1986,0.0260845,0.0188502,0.0048194
1485,1987,0.025413,0.0186442,0.0052271
1486,1979,0.021693,0.0157099,0.0054058
1486,1980,0.0211438,0.0157121,0.0048487
1486,1981,0.020641,0.0152454,0.0048195
1486,1982,0.0226234,0.0173148,0.0049582
1486,1983,0.0160351,0.0126082,0.0046433
1486,1984,0.0163763,0.0104084,0.0048114
1486,1985,0.0209644,0.0171084,0.0048403
1486,1986,0.0179895,0.0118083,0.0055316
1486,1987,0.0179322,0.0133711,0.0051392
1504,1979,0.0173919,0.0116261,0.0052932
1504,1980,0.0159787,0.0113228,0.0053997
1504,1981,0.0176695,0.0117118,0.0070271
1504,1982,0.0173905,0.0124861,0.006018
1504,1983,0.0153133,0.0093821,0.0057587
1504,1984,0.0172634,0.0102122,0.0061192
1504,1985,0.016477,0.0103147,0.006314
1504,1986,0.0164114,0.0106202,0.006005
1504,1987,0.0175224,0.0132399,0.0058522
1507,1979,0.0157882,0.0113069,0.004895
1507,1980,0.0149043,0.0106944,0.0052075
1507,1981,0.0194255,0.0116662,0.0057327
1507,1982,0.0155764,0.0108684,0.0053424
1507,1983,0.0139858,0.0094975,0.005867
1507,1984,0.0136448,0.0087706,0.0055931
1507,1985,0.0143814,0.009292,0.0054169
1507,1986,0.0150971,0.0100045,0.0052601
1507,1987,0.0161762,0.0109127,0.0055746
1521,1979,0.0156094,0.011545,0.0046253
1521,1980,0.0159025,0.0111445,0.0052561
1521,1981,0.0175017,0.0117159,0.0056357
1521,1982,0.0164585,0.0113529,0.0051109
1521,1983,0.0156538,0.0110578,0.0053734
1521,1984,0.016057,0.0098584,0.0054146
1521,1985,0.0161396,0.0108532,0.0054719
1521,1986,0.0160427,0.0117086,0.0052278
1521,1987,0.017485,0.0120103,0.0052972
1524,1979,0.0157546,0.0125196,0.0040692
1524,1980,0.0162636,0.0116282,0.0044575
1524,1981,0.0168041,0.0125051,0.0046055
1524,1982,0.0175496,0.0127686,0.0049053
1524,1983,0.0174633,0.0126136,0.0051923
1524,1984,0.0160424,0.011366,0.0049141
1524,1985,0.0165321,0.0114158,0.0045263
1524,1986,0.019095,0.0149057,0.0047368
1524,1987,0.0269596,0.0223507,0.0047059
1527,1979,0.0134453,0.009753,0.0043823
1527,1980,0.0164507,0.0103638,0.0049176
1527,1981,0.0167679,0.0114162,0.0051773
1527,1982,0.0171145,0.0110506,0.0052394
1527,1983,0.0130004,0.0088816,0.005103
1527,1984,0.0128673,0.0081428,0.0055194
1527,1985,0.0144213,0.008747,0.0052246
1527,1986,0.0147738,0.0101582,0.0050287
1527,1987,0.0155994,0.0103802,0.0062106
1552,1979,0.0184392,0.0144919,0.0034228
1552,1980,0.0163285,0.0135774,0.0039843
1552,1981,0.0147156,0.0122322,0.0036003
1552,1982,0.0150413,0.0111881,0.0045555
1552,1983,0.0136878,0.0100935,0.0040356
1552,1984,0.0140785,0.0107198,0.0040721
1552,1985,0.0138465,0.0103151,0.0040899
1552,1986,0.0137934,0.0100521,0.0041552
1552,1987,0.0159531,0.0109682,0.004398
1560,1979,0.0174162,0.0136289,0.0039095
1560,1980,0.017705,0.0130402,0.0044024
1560,1981,0.0176109,0.0129323,0.0040165
1560,1982,0.0189087,0.0147468,0.0039667
1560,1983,0.0154667,0.0109355,0.0044366
1560,1984,0.015078,0.0116848,0.0039276
1560,1985,0.0156367,0.0130461,0.0038436
1560,1986,0.016472,0.0123098,0.0039613
1560,1987,0.0194921,0.0150788,0.0051802
1561,1979,0.0149048,0.0117288,0.0037576
1561,1980,0.0144847,0.0110281,0.0038544
1561,1981,0.0146119,0.0107919,0.0041352
1561,1982,0.0155942,0.0119874,0.0039802
1561,1983,0.0128656,0.0089119,0.0039105
1561,1984,0.0128043,0.0078593,0.0041733
1561,1985,0.0129136,0.0090482,0.0040385
1561,1986,0.0138607,0.0096605,0.0039537
1561,1987,0.0144092,0.009872,0.0041827
1562,1979,0.0147151,0.0113271,0.0041346
1562,1980,0.0160656,0.0106647,0.0044904
1562,1981,0.0156945,0.012658,0.004606
1562,1982,0.0176183,0.0129194,0.0047199
1562,1983,0.0154032,0.0099923,0.0046682
1562,1984,0.0157487,0.011178,0.0045979
1562,1985,0.0162182,0.0107301,0.0048095
1562,1986,0.0164019,0.0112858,0.0048687
1562,1987,0.0160873,0.0129052,0.0047885
1563,1979,0.0170264,0.0129431,0.004223
1563,1980,0.0158262,0.0119294,0.0045244
1563,1981,0.0161395,0.0123435,0.0050257
1563,1982,0.0169081,0.0120117,0.0050756
1563,1983,0.0149423,0.0099919,0.0049286
1563,1984,0.0143842,0.009874,0.0052686
1563,1985,0.0144531,0.0094993,0.0050782
1563,1986,0.015853,0.0107033,0.0052341
1563,1987,0.0157757,0.0104677,0.0053487
1565,1979,0.0146819,0.011428,0.0039927
1565,1980,0.0141453,0.010636,0.0043462
1565,1981,0.0152873,0.0114777,0.004618
1565,1982,0.0157457,0.0111007,0.0048137
1565,1983,0.0136137,0.009413,0.0047891
1565,1984,0.0151759,0.008576,0.0050424
1565,1985,0.0141511,0.0101224,0.00484
1565,1986,0.0154358,0.0122328,0.004765
1565,1987,0.0159203,0.0110506,0.0049038
1566,1979,0.0136925,0.0106497,0.0039776
1566,1980,0.0135518,0.0103781,0.0041576
1566,1981,0.0146893,0.0106714,0.0042628
1566,1982,0.0145725,0.0111366,0.0047862
1566,1983,0.013954,0.008014,0.0046513
1566,1984,0.0122257,0.0077852,0.0045327
1566,1985,0.014188,0.0083478,0.0041359
1566,1986,0.0131567,0.008627,0.0044268
1566,1987,0.0139038,0.0087719,0.0044556
1580,1979,0.0173569,0.0141025,0.0038256
1580,1980,0.0173034,0.0136468,0.0045222
1580,1981,0.0180224,0.0145261,0.0042438
1580,1982,0.0192707,0.0141419,0.0044115
1580,1983,0.0158041,0.0124355,0.0042377
1580,1984,0.0153532,0.011508,0.0043022
1580,1985,0.0166039,0.011717,0.0043454
1580,1986,0.0175773,0.0130144,0.0043809
1580,1987,0.0182757,0.0135862,0.0044059
1581,1979,0.0214306,0.0175459,0.0044648
1581,1980,0.020187,0.0160881,0.0042456
1581,1981,0.0209702,0.0172875,0.0043721
1581,1982,0.0216807,0.0175007,0.0042687
1581,1983,0.0178303,0.0141457,0.0043264
1581,1984,0.0189864,0.0140403,0.0045239
1581,1985,0.0214601,0.0158834,0.0047238
1581,1986,0.0205245,0.0150179,0.0047488
1581,1987,0.0213553,0.0160332,0.0048297
1582,1979,0.0179384,0.0142764,0.0045383
1582,1980,0.0200078,0.0147661,0.0048501
1582,1981,0.0196256,0.0141027,0.0050097
1582,1982,0.0207846,0.0154231,0.0049622
1582,1983,0.0176177,0.0126459,0.005032
1582,1984,0.0173385,0.013072,0.0051324
1582,1985,0.0183189,0.0129936,0.0050221
1582,1986,0.0204124,0.0151259,0.0054021
1582,1987,0.021829,0.016582,0.0053634
1583,1979,0.0199897,0.0165553,0.0040337
1583,1980,0.0195735,0.0157661,0.0045359
1583,1981,0.022537,0.0159982,0.0046961
1583,1982,0.0204471,0.0164648,0.0046212
1583,1983,0.0177151,0.0141237,0.0047143
1583,1984,0.0188112,0.0136542,0.0049512
1583,1985,0.0198123,0.0146335,0.0045941
1583,1986,0.0196486,0.014535,0.0044636
1583,1987,0.0200468,0.015126,0.0044522
1584,1979,0.0156914,0.0128921,0.0041414
1584,1980,0.0162984,0.0132437,0.0043811
1584,1981,0.0166163,0.012695,0.0044788
1584,1982,0.0163927,0.0126671,0.0045836
1584,1983,0.0135006,0.0102362,0.0043869
1584,1984,0.0139533,0.010419,0.0049722
1584,1985,0.0147481,0.0109616,0.0046279
1584,1986,0.0166727,0.0109753,0.0052346
1584,1987,0.0155982,0.0121213,0.0048544
1585,1979,0.0219611,0.0162611,0.0058357
1585,1980,0.0209618,0.0152734,0.0051595
1585,1981,0.0211083,0.0165135,0.005359
1585,1982,0.0209805,0.0157469,0.0056696
1585,1983,0.0185411,0.0130367,0.0057259
1585,1984,0.0185773,0.0131162,0.0058886
1585,1985,0.0184954,0.0151749,0.0054807
1585,1986,0.0229628,0.0168534,0.0052346
1585,1987,0.020965,0.016128,0.0061517
1602,1979,0.015986,0.010394,0.003799
1602,1980,0.0138271,0.0102316,0.0039128
1602,1981,0.0225486,0.0201243,0.0041661
1602,1982,0.0221787,0.0202102,0.00514
1602,1983,0.015551,0.0104796,0.004596
1602,1984,0.017886,0.0143641,0.0047942
1602,1985,0.0213795,0.0139809,0.004585
1602,1986,0.0215676,0.0159405,0.0046541
1602,1987,0.0200688,0.0117775,0.0049779
1622,1979,0.0223962,0.0190054,0.0047015
1622,1980,0.0208119,0.0154689,0.0056463
1622,1981,0.0224899,0.0169139,0.0060097
1622,1982,0.0211828,0.0147848,0.0064167
1622,1983,0.0157725,0.0099563,0.0063693
1622,1984,0.0156985,0.0094816,0.0064512
1622,1985,0.0154988,0.009584,0.0068394
1622,1986,0.0153724,0.0086674,0.0063915
1622,1987,0.0154627,0.0116561,0.0066813
1623,1979,0.0178294,0.0130822,0.0045503
1623,1980,0.0152039,0.0106853,0.0049445
1623,1981,0.0161331,0.0114214,0.0052612
1623,1982,0.0164993,0.0122511,0.0055496
1623,1983,0.0138022,0.0086668,0.0059576
1623,1984,0.0150628,0.0086377,0.0061251
1623,1985,0.0132051,0.0084489,0.0059598
1623,1986,0.01505,0.0093027,0.0060091
1623,1987,0.0166456,0.0093388,0.006075
1637,1979,0.0184582,0.0174719,0.0031401
1637,1980,0.0174756,0.0152601,0.0037397
1637,1981,0.0195474,0.0151345,0.0037101
1637,1982,0.0186922,0.0140867,0.0038705
1637,1983,0.0173647,0.012058,0.0039453
1637,1984,0.0163971,0.0130046,0.0040763
1637,1985,0.0168304,0.0127355,0.0040698
1637,1986,0.0166653,0.013123,0.0042555
1637,1987,0.0175229,0.0134624,0.0044493
1643,1979,0.0155035,0.0110459,0.0042126
1643,1980,0.0166418,0.0112456,0.0048781
1643,1981,0.0212233,0.0114574,0.0048326
1643,1982,0.0223348,0.0230875,0.0052121
1643,1983,0.0190496,0.0123467,0.0055048
1643,1984,0.0184538,0.0105403,0.0061567
1643,1985,0.0160973,0.0103606,0.0059718
1643,1986,0.0163526,0.0117186,0.0049904
1643,1987,0.0174024,0.0121104,0.0059026
1661,1979,0.013523,0.0109924,0.003585
1661,1980,0.0145324,0.0109194,0.004565
1661,1981,0.0148495,0.0142212,0.0044088
1661,1982,0.0180557,0.011883,0.0046993
1661,1983,0.0163509,0.0101908,0.004758
1661,1984,0.0153871,0.0107693,0.0047162
1661,1985,0.016089,0.0112136,0.0043647
1661,1986,0.0152906,0.0100648,0.0044229
1661,1987,0.0145221,0.0096554,0.0047887
1662,1979,0.0178575,0.014973,0.0052041
1662,1980,0.0216615,0.0146933,0.005324
1662,1981,0.0203822,0.0148005,0.006554
1662,1982,0.0199276,0.01363,0.0058971
1662,1983,0.0172566,0.0110935,0.0058371
1662,1984,0.016927,0.0113582,0.0058277
1662,1985,0.0179424,0.0119404,0.0058929
1662,1986,0.0183851,0.0128558,0.0056755
1662,1987,0.0182589,0.0125952,0.0058222
1663,1979,0.0142558,0.0112772,0.0041891
1663,1980,0.0142924,0.015695,0.0044322
1663,1981,0.0192465,0.0124079,0.0044554
1663,1982,0.0200653,0.0133889,0.0045309
1663,1983,0.0156255,0.0101417,0.0048892
1663,1984,0.0163392,0.0101409,0.0057741
1663,1985,0.017061,0.0114431,0.0051933
1663,1986,0.0167889,0.0112176,0.0052061
1663,1987,0.0174408,0.0124409,0.0055807
1680,1979,0.0215764,0.0185744,0.0045674
1680,1980,0.0194491,0.0149405,0.0051501
1680,1981,0.0220829,0.0167675,0.0052161
1680,1982,0.0227045,0.0161646,0.0051826
1680,1983,0.01847,0.0131599,0.0053902
1680,1984,0.0188981,0.0133176,0.0055494
1680,1985,0.0180693,0.0129677,0.0050681
1680,1986,0.0198245,0.0152676,0.005047
1680,1987,0.0190392,0.0134641,0.0050918
1681,1979,0.0185674,0.015405,0.0043967
1681,1980,0.0197191,0.0147799,0.0049141
1681,1981,0.0202176,0.0154992,0.0051523
1681,1982,0.0203902,0.0149696,0.0055768
1681,1983,0.0175628,0.0117842,0.0051041
1681,1984,0.0181546,0.0120685,0.0048963
1681,1985,0.019628,0.0146894,0.0053324
1681,1986,0.0191,0.0158818,0.0047295
1681,1987,0.0201216,0.0147655,0.0048876
1682,1979,0.0200294,0.0153647,0.0044838
1682,1980,0.0194093,0.0146233,0.005068
1682,1981,0.0215007,0.0161745,0.0049721
1682,1982,0.0220866,0.0160389,0.0054206
1682,1983,0.0182778,0.0131623,0.0056775
1682,1984,0.0185397,0.0122177,0.0056976
1682,1985,0.0192285,0.0136096,0.0055511
1682,1986,0.0194347,0.0144196,0.0057572
1682,1987,0.0198948,0.0137104,0.0056559
1683,1979,0.0191004,0.01508,0.0046722
1683,1980,0.0193562,0.0151228,0.0050622
1683,1981,0.0191964,0.0150329,0.0048774
1683,1982,0.0200571,0.0160544,0.0050976
1683,1983,0.0172701,0.0124349,0.0050764
1683,1984,0.0178956,0.0123358,0.0051537
1683,1985,0.0177206,0.0127789,0.0046747
1683,1986,0.0181004,0.0137009,0.003488
1683,1987,0.0185222,0.0141951,0.0045942
1684,1979,0.0170028,0.0137632,0.0038432
1684,1980,0.0175448,0.013496,0.0043221
1684,1981,0.0190208,0.0148778,0.0046975
1684,1982,0.0165777,0.0125718,0.0045741
1684,1983,0.0157909,0.0110511,0.0047527
1684,1984,0.015405,0.0114816,0.004104
1684,1985,0.015092,0.011081,0.0044641
1684,1986,0.0159811,0.0128828,0.0043333
1684,1987,0.0156938,0.0104557,0.004704
1685,1979,0.0176952,0.0138916,0.0042107
1685,1980,0.0166125,0.0123258,0.0045094
1685,1981,0.017242,0.013019,0.0045113
1685,1982,0.0180839,0.0131424,0.0047121
1685,1983,0.0166006,0.0118888,0.0049915
1685,1984,0.0164713,0.0118183,0.0048596
1685,1985,0.017269,0.0125424,0.0052544
1685,1986,0.0170233,0.0128866,0.0046427
1685,1987,0.0180531,0.0153376,0.0048393
1686,1979,0.0165192,0.0138162,0.0037096
1686,1980,0.0161508,0.0125997,0.0041573
1686,1981,0.0172384,0.0131378,0.0046622
1686,1982,0.0181936,0.0135103,0.0046521
1686,1983,0.0160634,0.0109458,0.0044824
1686,1984,0.016406,0.0121884,0.0045126
1686,1985,0.0183066,0.0129519,0.004405
1686,1986,0.0178131,0.0132345,0.004372
1686,1987,0.0176649,0.012932,0.0045277
1715,1979,0.017871,0.0130361,0.0053552
1715,1980,0.0166808,0.0114265,0.0055603
1715,1981,0.0167854,0.0106521,0.0055188
1715,1982,0.0174157,0.0116251,0.0056584
1715,1983,0.0151688,0.009493,0.0060755
1715,1984,0.0149311,0.008635,0.0063242
1715,1985,0.0160675,0.0103778,0.0059998
1715,1986,0.0149353,0.0097034,0.0056582
1715,1987,0.0163145,0.0106993,0.0057117
1730,1979,0.0174038,0.0125967,0.0046843
1730,1980,0.0178667,0.0122497,0.0052938
1730,1981,0.0179328,0.0128697,0.0051055
1730,1982,0.0159889,0.0130747,0.0051721
1730,1983,0.0153049,0.0100533,0.0051786
1730,1984,0.015051,0.0099921,0.0059839
1730,1985,0.0178242,0.0119788,0.00496
1730,1986,0.0153919,0.0115872,0.0049238
1730,1987,0.0164355,0.0111845,0.0053895
1737,1979,0.0186544,0.0142552,0.0057105
1737,1980,0.0183166,0.0126843,0.0058751
1737,1981,0.0187578,0.0135291,0.0058758
1737,1982,0.0188665,0.0130263,0.0057921
1737,1983,0.0161149,0.0115327,0.0055898
1737,1984,0.0164455,0.0118889,0.005454
1737,1985,0.0180073,0.0117758,0.0060663
1737,1986,0.0186206,0.012561,0.0057061
1737,1987,0.0193667,0.013786,0.0060602
1760,1979,0.0143099,0.0115533,0.003562
1760,1980,0.0144426,0.0109936,0.0042304
1760,1981,0.0168383,0.0128793,0.0045456
1760,1982,0.0160737,0.0115037,0.0049077
1760,1983,0.013123,0.0093442,0.0046002
1760,1984,0.014762,0.0095358,0.0055967
1760,1985,0.0160393,0.0101626,0.0048848
1760,1986,0.0163573,0.0118604,0.0048373
1760,1987,0.0163473,0.0109504,0.0050313
1761,1979,0.0187038,0.0152304,0.0042
1761,1980,0.018161,0.0146273,0.0041986
1761,1981,0.0200654,0.0139836,0.004528
1761,1982,0.0200519,0.0158621,0.0050563
1761,1983,0.0161775,0.0133248,0.0045459
1761,1984,0.016905,0.0108083,0.0050279
1761,1985,0.0175638,0.012062,0.0049443
1761,1986,0.0178518,0.0124622,0.0043888
1761,1987,0.0182325,0.013463,0.0049808
1762,1979,0.0183201,0.0117839,0.0055934
1762,1980,0.0177686,0.012396,0.0051207
1762,1981,0.0186228,0.0128524,0.0060852
1762,1982,0.0182889,0.0136551,0.0050036
1762,1983,0.0161514,0.0109957,0.005475
1762,1984,0.0180467,0.0105761,0.0062762
1762,1985,0.0187047,0.0145205,0.0059449
1762,1986,0.020047,0.0124772,0.0060598
1762,1987,0.0196416,0.0142441,0.0056703
1763,1979,0.0162359,0.0116189,0.0051162
1763,1980,0.0162483,0.0108525,0.0056511
1763,1981,0.0167099,0.0114013,0.0064174
1763,1982,0.0187987,0.0128837,0.0065514
1763,1983,0.0165926,0.0094925,0.0067831
1763,1984,0.0163863,0.0096642,0.0067221
1763,1985,0.0169606,0.0098526,0.0072119
1763,1986,0.0175452,0.0103028,0.0067805
1763,1987,0.017896,0.0114547,0.0068538
1764,1979,0.0155706,0.0129174,0.0040329
1764,1980,0.0159149,0.0109131,0.0046942
1764,1981,0.0174163,0.0127695,0.0045721
1764,1982,0.0167623,0.0119681,0.0047249
1764,1983,0.0158095,0.0109516,0.0049857
1764,1984,0.0151424,0.0095695,0.0054407
1764,1985,0.0153752,0.0103603,0.0049469
1764,1986,0.0174102,0.0119339,0.0047287
1764,1987,0.0177263,0.0131021,0.0046243
1765,1979,0.0164615,0.0128718,0.0050085
1765,1980,0.0155965,0.0106068,0.005169
1765,1981,0.0155408,0.0113536,0.0052031
1765,1982,0.0153614,0.011294,0.0053337
1765,1983,0.0134129,0.0091505,0.0052896
1765,1984,0.0137772,0.0092545,0.005238
1765,1985,0.0150992,0.0098129,0.0049886
1765,1986,0.0161074,0.0108679,0.005084
1765,1987,0.0167077,0.0106657,0.0050019
1766,1979,0.0155548,0.0112347,0.0045063
1766,1980,0.0165533,0.0117676,0.0046874
1766,1981,0.0161704,0.0117924,0.0046907
1766,1982,0.0152852,0.0126,0.0044128
1766,1983,0.0137644,0.0095133,0.0044758
1766,1984,0.0142372,0.010458,0.0048951
1766,1985,0.0158064,0.0101216,0.0045524
1766,1986,0.015011,0.0106826,0.0043794
1766,1987,0.016037,0.0113619,0.0046611
1780,1979,0.0233557,0.0190416,0.0046037
1780,1980,0.0230525,0.0190519,0.004319
1780,1981,0.0229697,0.0197257,0.004438
1780,1982,0.0244949,0.020003,0.0043639
1780,1983,0.0189703,0.0154226,0.0043897
1780,1984,0.0198472,0.0180753,0.0045591
1780,1985,0.0207939,0.0153968,0.0043888
1780,1986,0.0211041,0.0155027,0.0044603
1780,1987,0.0215156,0.0160851,0.0047815
1781,1979,0.0194159,0.0162705,0.0035363
1781,1980,0.0194053,0.0150583,0.0039058
1781,1981,0.0210768,0.0164313,0.003922
1781,1982,0.0206075,0.0172935,0.0039255
1781,1983,0.0184645,0.0146712,0.0041709
1781,1984,0.0180903,0.013688,0.0041315
1781,1985,0.0190967,0.0148509,0.0044034
1781,1986,0.0194408,0.0158615,0.0040294
1781,1987,0.0193579,0.0149965,0.0041837
1782,1979,0.0180032,0.0141406,0.0041512
1782,1980,0.0188176,0.0137654,0.0048056
1782,1981,0.0194918,0.0144046,0.0058522
1782,1982,0.0190421,0.0142213,0.0049844
1782,1983,0.0171046,0.0118092,0.0052476
1782,1984,0.0172685,0.0122195,0.0054064
1782,1985,0.0184704,0.0123039,0.0054894
1782,1986,0.0182603,0.0137649,0.0051854
1782,1987,0.0182764,0.0130741,0.0061104
1783,1979,0.0164075,0.0126169,0.0044085
1783,1980,0.0165613,0.012049,0.004767
1783,1981,0.016804,0.0122609,0.0047968
1783,1982,0.0177663,0.0134471,0.0046575
1783,1983,0.0149615,0.0102777,0.005179
1783,1984,0.0161758,0.010769,0.0049669
1783,1985,0.0161239,0.0107715,0.0051703
1783,1986,0.0168518,0.0115476,0.0050898
1783,1987,0.0177041,0.0120095,0.0048433
1784,1979,0.0190146,0.0132192,0.0053651
1784,1980,0.0195141,0.0143104,0.0051441
1784,1981,0.020118,0.0146367,0.0055463
1784,1982,0.019708,0.0162405,0.0053593
1784,1983,0.0168652,0.0113175,0.0051296
1784,1984,0.0164304,0.0112128,0.0053546
1784,1985,0.0170458,0.0114641,0.0052812
1784,1986,0.0171967,0.0118794,0.0048208
1784,1987,0.017402,0.0123694,0.0050675
1785,1979,0.0206672,0.0167395,0.0042964
1785,1980,0.0208938,0.0160295,0.0045603
1785,1981,0.0215048,0.0158893,0.0055162
1785,1982,0.0231302,0.0178694,0.0055126
1785,1983,0.0159353,0.0109302,0.0053976
1785,1984,0.0168102,0.0094728,0.0055743
1785,1985,0.0165719,0.0120022,0.0052744
1785,1986,0.0175361,0.012856,0.0048539
1785,1987,0.0185342,0.0130974,0.0051971
1860,1979,0.0186573,0.0153861,0.0041841
1860,1980,0.0180823,0.0140938,0.004441
1860,1981,0.0183374,0.0149496,0.0040871
1860,1982,0.0205873,0.0164874,0.0044806
1860,1983,0.0174016,0.0131743,0.0048292
1860,1984,0.0200212,0.0143326,0.0049955
1860,1985,0.0175492,0.0119494,0.0055247
1860,1986,0.0189965,0.0130039,0.0053454
1860,1987,0.0183607,0.0132178,0.0051196
1861,1979,0.0205323,0.0156658,0.0053221
1861,1980,0.0203163,0.0162701,0.0055594
1861,1981,0.0224088,0.0162739,0.0055885
1861,1982,0.0223727,0.0154672,0.0061494
1861,1983,0.019094,0.0135751,0.0060555
1861,1984,0.0201384,0.0143422,0.0065593
1861,1985,0.0210207,0.0153278,0.005693
1861,1986,0.0202775,0.0143728,0.006105
1861,1987,0.0213017,0.0171736,0.004509
1862,1979,0.0168245,0.0132503,0.0040227
1862,1980,0.0177329,0.013637,0.0045258
1862,1981,0.0198847,0.0131355,0.0051333
1862,1982,0.0193768,0.014502,0.0049054
1862,1983,0.0156455,0.0116362,0.0051002
1862,1984,0.0168739,0.0117799,0.0054212
1862,1985,0.0171537,0.0116578,0.0053779
1862,1986,0.0185204,0.0126812,0.0053099
1862,1987,0.0204624,0.0151999,0.0052233
1863,1979,0.0145786,0.0109647,0.0041214
1863,1980,0.0142026,0.0107475,0.0041515
1863,1981,0.0151079,0.0105513,0.004862
1863,1982,0.0169602,0.0106511,0.0049297
1863,1983,0.0152521,0.0100677,0.0048053
1863,1984,0.0174709,0.0118743,0.0049263
1863,1985,0.0168344,0.0117374,0.0047213
1863,1986,0.016664,0.0118182,0.004972
1863,1987,0.0182132,0.0136528,0.0052269
1864,1979,0.0150099,0.0113576,0.0039587
1864,1980,0.0155705,0.0118027,0.0043089
1864,1981,0.0154668,0.0119123,0.0048802
1864,1982,0.0190551,0.0147632,0.0051645
1864,1983,0.0163444,0.0099287,0.0053932
1864,1984,0.0160874,0.0099901,0.005722
1864,1985,0.0169505,0.0111909,0.0059386
1864,1986,0.0179904,0.0122524,0.0057811
1864,1987,0.0231113,0.0129276,0.0060961
1880,1979,0.0287978,0.024582,0.004806
1880,1980,0.0289244,0.0241926,0.0048443
1880,1981,0.0306817,0.0248839,0.0056263
1880,1982,0.0315655,0.0265356,0.0054247
1880,1983,0.022877,0.0170307,0.0054511
1880,1984,0.0221466,0.0169313,0.0050215
1880,1985,0.0231665,0.0178717,0.0049701
1880,1986,0.0225285,0.0192479,0.0051009
1880,1987,0.0205925,0.0142972,0.0053796
1881,1979,0.0178315,0.0137861,0.0040925
1881,1980,0.0182213,0.0146233,0.0037383
1881,1981,0.0184784,0.014431,0.0047143
1881,1982,0.0202112,0.0149123,0.0051313
1881,1983,0.0157594,0.0109301,0.005221
1881,1984,0.016628,0.0104857,0.0061964
1881,1985,0.0166926,0.0118355,0.0050846
1881,1986,0.0173891,0.0127101,0.0049852
1881,1987,0.0188432,0.0133887,0.0051836
1882,1979,0.0164483,0.0119637,0.0035963
1882,1980,0.0157354,0.0114667,0.0038932
1882,1981,0.0167243,0.0135446,0.0046054
1882,1982,0.0186573,0.0133101,0.0047355
1882,1983,0.0150914,0.0103772,0.0045884
1882,1984,0.0153218,0.0104162,0.0048138
1882,1985,0.0149957,0.0102012,0.0045099
1882,1986,0.0167251,0.0129572,0.0048703
1882,1987,0.0166342,0.0118816,0.0051328
1883,1979,0.0206417,0.0175747,0.0041936
1883,1980,0.0200202,0.016259,0.0042067
1883,1981,0.0212213,0.0170436,0.0044628
1883,1982,0.0231225,0.0186942,0.0043361
1883,1983,0.0209109,0.019932,0.0046818
1883,1984,0.0246091,0.0169188,0.005696
1883,1985,0.0286793,0.0237958,0.0049555
1883,1986,0.0275525,0.0216334,0.0052508
1883,1987,0.0260732,0.0195702,0.0046735
1884,1979,0.0216942,0.0169386,0.0040666
1884,1980,0.0221005,0.0177441,0.0042985
1884,1981,0.0211715,0.0175462,0.0048776
1884,1982,0.022044,0.0177925,0.0051854
1884,1983,0.018474,0.0135626,0.0050803
1884,1984,0.0194161,0.0138234,0.0053183
1884,1985,0.0209922,0.0143927,0.0052155
1884,1986,0.0201785,0.0147462,0.0053943
1884,1987,0.021888,0.0158335,0.0057518
1885,1979,0.0195815,0.0148215,0.0045528
1885,1980,0.020189,0.0151329,0.0049915
1885,1981,0.0192075,0.0146767,0.0051619
1885,1982,0.0204655,0.0152171,0.0057363
1885,1983,0.0174918,0.0125045,0.0055981
1885,1984,0.0185001,0.0134055,0.0057722
1885,1985,0.0192279,0.0128553,0.005994
1885,1986,0.0207648,0.0147212,0.0056053
1885,1987,0.0216865,0.014633,0.0058885
1904,1979,0.0183059,0.0145952,0.0040199
1904,1980,0.0176397,0.0150154,0.0042747
1904,1981,0.0210751,0.0158882,0.0044819
1904,1982,0.0210047,0.0170751,0.0047015
1904,1983,0.0158556,0.0109918,0.0049495
1904,1984,0.0166559,0.0113748,0.0057686
1904,1985,0.0168784,0.0116482,0.0053068
1904,1986,0.0174742,0.0114742,0.0052567
1904,1987,0.0169379,0.0120557,0.0054639
1907,1979,0.0169651,0.0136712,0.0041975
1907,1980,0.0170527,0.0131742,0.004438
1907,1981,0.0177219,0.0133562,0.0051424
1907,1982,0.0182803,0.0133583,0.0049435
1907,1983,0.0139962,0.0098632,0.0052211
1907,1984,0.0145658,0.0095412,0.005354
1907,1985,0.015565,0.0095041,0.0054309
1907,1986,0.01519,0.0102826,0.0053752
1907,1987,0.0155839,0.0111172,0.0053931
1917,1979,0.0158921,0.0115076,0.0044598
1917,1980,0.0154535,0.011195,0.0045878
1917,1981,0.015757,0.0115511,0.0049706
1917,1982,0.0164236,0.0115263,0.0046645
1917,1983,0.0147788,0.0104508,0.0045599
1917,1984,0.0127561,0.0096198,0.0048302
1917,1985,0.0145958,0.0110796,0.0044395
1917,1986,0.0146005,0.0111183,0.0048182
1917,1987,0.0142868,0.0097477,0.0050818
1960,1979,0.0177983,0.0146562,0.003708
1960,1980,0.0190623,0.0136305,0.003955
1960,1981,0.0186913,0.0145933,0.0045829
1960,1982,0.0198299,0.0146537,0.0046659
1960,1983,0.0150603,0.0125413,0.0046744
1960,1984,0.0148651,0.0119888,0.0036908
1960,1985,0.015176,0.0102508,0.0046705
1960,1986,0.0163032,0.0121011,0.0047073
1960,1987,0.017088,0.0121412,0.0045612
1961,1979,0.0211017,0.0160521,0.0047154
1961,1980,0.0193,0.0147625,0.0054735
1961,1981,0.0211099,0.0160982,0.0053144
1961,1982,0.021533,0.0165558,0.0060159
1961,1983,0.0198288,0.0141169,0.0054577
1961,1984,0.0171305,0.0102261,0.0058054
1961,1985,0.0177978,0.0116809,0.0054927
1961,1986,0.0176704,0.0131181,0.0050398
1961,1987,0.0172091,0.0128653,0.005041
1962,1979,0.019772,0.0156238,0.0041233
1962,1980,0.0197163,0.0155405,0.0046277
1962,1981,0.0210087,0.0161303,0.0048784
1962,1982,0.0174878,0.0144537,0.0051673
1962,1983,0.0174177,0.010856,0.0049986
1962,1984,0.015659,0.0112453,0.0053711
1962,1985,0.0166182,0.0107438,0.0052405
1962,1986,0.0162067,0.010829,0.0050535
1962,1987,0.0171761,0.0109523,0.0054833
1980,1979,0.0228026,0.0184916,0.0050262
1980,1980,0.023329,0.0182985,0.0046304
1980,1981,0.0239768,0.0191063,0.0053288
1980,1982,0.0244063,0.0193306,0.0047729
1980,1983,0.0205034,0.0160856,0.004733
1980,1984,0.0234711,0.0164116,0.0048426
1980,1985,0.019126,0.0157279,0.0045222
1980,1986,0.0225524,0.0170066,0.0046829
1980,1987,0.02113,0.0173511,0.0046437
1981,1979,0.0194788,0.01603,0.0048717
1981,1980,0.0191134,0.0144204,0.0050346
1981,1981,0.0207739,0.0147944,0.0054137
1981,1982,0.0202515,0.0149731,0.005213
1981,1983,0.0161495,0.0114284,0.0051335
1981,1984,0.0155569,0.0103899,0.0055389
1981,1985,0.015307,0.0105638,0.0048538
1981,1986,0.0161882,0.0109969,0.0048546
1981,1987,0.0175146,0.0114068,0.005076
1982,1979,0.0214566,0.0167728,0.0043802
1982,1980,0.0216157,0.015519,0.0042715
1982,1981,0.0229942,0.0182048,0.0039525
1982,1982,0.0224651,0.0185668,0.0042148
1982,1983,0.0165394,0.0136103,0.0045368
1982,1984,0.0167774,0.0126573,0.0039122
1982,1985,0.0167964,0.0131518,0.0047001
1982,1986,0.0177992,0.0138309,0.0047196
1982,1987,0.018679,0.0134619,0.0052637
1983,1979,0.0211022,0.0169425,0.0046212
1983,1980,0.0207248,0.0165638,0.0049108
1983,1981,0.0210962,0.0174688,0.0047507
1983,1982,0.0220143,0.0181245,0.0050845
1983,1983,0.0191156,0.0145456,0.0050261
1983,1984,0.0188436,0.0135837,0.0052074
1983,1985,0.0186584,0.0147838,0.004784
1983,1986,0.0194418,0.0143078,0.0050289
1983,1987,0.0211103,0.0148446,0.0048335
1984,1979,0.0220596,0.0170328,0.0044994
1984,1980,0.0209067,0.0164337,0.0045321
1984,1981,0.0217172,0.0173936,0.0044497
1984,1982,0.0222156,0.0180517,0.0050186
1984,1983,0.0171646,0.0122113,0.004672
1984,1984,0.0183171,0.0134836,0.0051503
1984,1985,0.0183397,0.0133195,0.0048244
1984,1986,0.0172685,0.0130076,0.0044925
1984,1987,0.0194685,0.0163361,0.0047115
2021,1979,0.0174425,0.0130133,0.004488
2021,1980,0.0176488,0.0126039,0.0044977
2021,1981,0.0176099,0.0138194,0.0048486
2021,1982,0.0186079,0.0140037,0.0054132
2021,1983,0.0130328,0.0094908,0.0052788
2021,1984,0.0141285,0.0101881,0.005781
2021,1985,0.0143198,0.0107092,0.0056248
2021,1986,0.0182885,0.0113014,0.0057796
2021,1987,0.016962,0.0107648,0.0060595
2023,1979,0.021514,0.016309,0.0053299
2023,1980,0.0225919,0.0155549,0.0056663
2023,1981,0.0214434,0.018115,0.0054086
2023,1982,0.0246342,0.0189696,0.0057907
2023,1983,0.0183349,0.013095,0.0055294
2023,1984,0.0189127,0.0142072,0.0056684
2023,1985,0.0177712,0.0132383,0.0053743
2023,1986,0.0188344,0.013813,0.005324
2023,1987,0.0212618,0.0154104,0.0054861
2026,1979,0.014811,0.0126047,0.0043783
2026,1980,0.0162654,0.0111713,0.0047962
2026,1981,0.0173287,0.0116118,0.0052246
2026,1982,0.0164935,0.0116834,0.0055949
2026,1983,0.0142257,0.0096536,0.0056833
2026,1984,0.0150983,0.0094188,0.0061672
2026,1985,0.0165955,0.009673,0.0058795
2026,1986,0.0165805,0.0112794,0.005572
2026,1987,0.0166068,0.011703,0.0062051
2029,1979,0.0175266,0.0133488,0.0043032
2029,1980,0.0179425,0.013234,0.0044367
2029,1981,0.0178923,0.012606,0.0049194
2029,1982,0.017665,0.0128929,0.0052831
2029,1983,0.0159607,0.0107041,0.0051157
2029,1984,0.0163706,0.0109965,0.0056611
2029,1985,0.0172155,0.0120421,0.0051734
2029,1986,0.0168114,0.0120856,0.0052334
2029,1987,0.0178518,0.0125579,0.0052408
2031,1979,0.0173615,0.0131687,0.0044955
2031,1980,0.0168284,0.012436,0.004604
2031,1981,0.0163662,0.0135162,0.0037398
2031,1982,0.01701,0.0120683,0.0048968
2031,1983,0.0151511,0.0090845,0.004707
2031,1984,0.0141952,0.0094313,0.0052557
2031,1985,0.0147509,0.0098309,0.0050658
2031,1986,0.015708,0.010411,0.0053928
2031,1987,0.0162229,0.0109699,0.0053542
2034,1979,0.0204748,0.0142682,0.0064127
2034,1980,0.0178115,0.0122941,0.0064569
2034,1981,0.0183225,0.0125018,0.0061685
2034,1982,0.0197137,0.0116891,0.0060566
2034,1983,0.0161116,0.0114682,0.0057964
2034,1984,0.0192826,0.0118819,0.0071233
2034,1985,0.0182805,0.0116106,0.0059837
2034,1986,0.0192183,0.0119936,0.0053666
2034,1987,0.0176473,0.0132099,0.0070513
2039,1979,0.0217908,0.0161347,0.0066087
2039,1980,0.0198583,0.0125421,0.0061839
2039,1981,0.0218973,0.0144316,0.0059178
2039,1982,0.0214744,0.0136194,0.0061825
2039,1983,0.0176585,0.0121334,0.0063203
2039,1984,0.0177908,0.0124755,0.0065925
2039,1985,0.0199999,0.0113011,0.0066463
2039,1986,0.019916,0.0113393,0.0068775
2039,1987,0.0191258,0.0122521,0.0076436
2061,1979,0.0169273,0.0135591,0.0037753
2061,1980,0.0176588,0.0130636,0.0044202
2061,1981,0.0184586,0.0133413,0.0044437
2061,1982,0.0183915,0.0143646,0.0043439
2061,1983,0.0168554,0.0121567,0.0049208
2061,1984,0.015527,0.0105465,0.0057825
2061,1985,0.0168379,0.0114127,0.0051669
2061,1986,0.0166846,0.0112885,0.0053097
2061,1987,0.0183432,0.0128515,0.0056527
2062,1979,0.0231613,0.0159982,0.0051303
2062,1980,0.0223959,0.016497,0.0051806
2062,1981,0.0204456,0.0176528,0.0049742
2062,1982,0.02065,0.0158466,0.0054767
2062,1983,0.0171819,0.0125551,0.0055161
2062,1984,0.0187111,0.0139597,0.0055642
2062,1985,0.018122,0.0121393,0.005604
2062,1986,0.0184444,0.0131561,0.0057495
2062,1987,0.0179095,0.0133835,0.0057675
2080,1979,0.0181745,0.0140734,0.0040037
2080,1980,0.0186047,0.0140375,0.0039807
2080,1981,0.018982,0.015872,0.0043445
2080,1982,0.0186968,0.0146152,0.0044566
2080,1983,0.0160252,0.0119574,0.0044566
2080,1984,0.0163376,0.0117854,0.0045921
2080,1985,0.0188512,0.0135656,0.0041281
2080,1986,0.0192801,0.0149535,0.0043007
2080,1987,0.0215536,0.0176747,0.0044285
2081,1979,0.0220597,0.0197604,0.0047149
2081,1980,0.0212482,0.0163353,0.0049918
2081,1981,0.0214366,0.0157524,0.0051578
2081,1982,0.0240935,0.0189153,0.0052876
2081,1983,0.0179433,0.01209,0.00578
2081,1984,0.01808,0.0133754,0.0060166
2081,1985,0.0181682,0.0121026,0.0054472
2081,1986,0.0181766,0.0128886,0.0052442
2081,1987,0.0184443,0.0130225,0.005472
2082,1979,0.0184346,0.0138458,0.0039696
2082,1980,0.0173282,0.0129069,0.0041879
2082,1981,0.0173058,0.0138768,0.0045183
2082,1982,0.0195638,0.0135977,0.0050421
2082,1983,0.0158429,0.0119264,0.0047892
2082,1984,0.0167047,0.0112558,0.0053811
2082,1985,0.0166905,0.0108452,0.004809
2082,1986,0.0171626,0.0125819,0.0049134
2082,1987,0.0171248,0.0119923,0.0054436
2083,1979,0.0208979,0.016636,0.0044088
2083,1980,0.0215153,0.0156638,0.0048506
2083,1981,0.0216946,0.0165747,0.0050253
2083,1982,0.0205848,0.0160023,0.0051901
2083,1983,0.0164798,0.0115554,0.0054168
2083,1984,0.0161262,0.0120883,0.0056391
2083,1985,0.0164114,0.0115232,0.0053055
2083,1986,0.0171082,0.0127251,0.0053559
2083,1987,0.0173717,0.0121635,0.0054397
2084,1979,0.0198979,0.0149703,0.0041032
2084,1980,0.021157,0.0155862,0.0046819
2084,1981,0.0185511,0.0145347,0.0045625
2084,1982,0.0200274,0.0159272,0.0045595
2084,1983,0.0153999,0.0111806,0.004592
2084,1984,0.0161672,0.0112409,0.0049852
2084,1985,0.0177804,0.0121883,0.0047681
2084,1986,0.0176367,0.0127731,0.0047603
2084,1987,0.0165421,0.0121043,0.0053752
2085,1979,0.0210955,0.0173157,0.0042954
2085,1980,0.0198456,0.0156955,0.0044838
2085,1981,0.0204324,0.0161429,0.0050922
2085,1982,0.0221691,0.0168016,0.0052244
2085,1983,0.0165345,0.0120912,0.0047483
2085,1984,0.0181271,0.0127023,0.0051482
2085,1985,0.0187986,0.0126216,0.0049195
2085,1986,0.0176958,0.0147694,0.0053193
2085,1987,0.0189926,0.0146366,0.0055465
2101,1979,0.0155754,0.011023,0.0040665
2101,1980,0.0149806,0.0108565,0.0041018
2101,1981,0.0167882,0.0123033,0.0046264
2101,1982,0.0191136,0.0139855,0.0049788
2101,1983,0.0151619,0.0103766,0.0049053
2101,1984,0.015611,0.0104342,0.0050961
2101,1985,0.0171681,0.0121223,0.0050612
2101,1986,0.0163844,0.0120063,0.0050756
2101,1987,0.0195523,0.0138083,0.0052712
2104,1979,0.0155115,0.0124937,0.0036214
2104,1980,0.016552,0.0136904,0.0033819
2104,1981,0.017999,0.0147283,0.0044972
2104,1982,0.0224569,0.0180659,0.0044296
2104,1983,0.0185033,0.0139514,0.0041308
2104,1984,0.0181623,0.0134969,0.0042866
2104,1985,0.0187845,0.0153462,0.0043486
2104,1986,0.0189037,0.0147552,0.0046274
2104,1987,0.0203812,0.0162735,0.0044001
2121,1979,0.0159479,0.0112766,0.0048537
2121,1980,0.0166121,0.0119419,0.0051073
2121,1981,0.0161023,0.0115519,0.005068
2121,1982,0.0167158,0.0113367,0.0054604
2121,1983,0.0140656,0.0099341,0.0052871
2121,1984,0.0152338,0.0093396,0.0055959
2121,1985,0.0160706,0.0090908,0.0055749
2121,1986,0.016115,0.0115107,0.0058747
2121,1987,0.0177636,0.0111193,0.0057234
2132,1979,0.0174142,0.0140102,0.0055
2132,1980,0.0191353,0.0128431,0.0056519
2132,1981,0.0188601,0.013076,0.0053227
2132,1982,0.0187968,0.0133157,0.0056275
2132,1983,0.0164868,0.0105136,0.0057215
2132,1984,0.0160979,0.0101792,0.0058363
2132,1985,0.0165219,0.0099653,0.0059044
2132,1986,0.0161151,0.0099309,0.0058054
2132,1987,0.0173085,0.0112992,0.006185
2161,1979,0.0192865,0.0133481,0.006131
2161,1980,0.0202432,0.0142231,0.0060337
2161,1981,0.019741,0.0144987,0.0058095
2161,1982,0.0207912,0.015433,0.0058842
2161,1983,0.0188231,0.0129987,0.005835
2161,1984,0.0203893,0.0137733,0.0064155
2161,1985,0.020901,0.0160938,0.0064698
2161,1986,0.0220973,0.0139384,0.0063303
2161,1987,0.0234073,0.0160599,0.0067022
2180,1979,0.0222358,0.0181183,0.0041612
2180,1980,0.0218379,0.0185791,0.0043512
2180,1981,0.0234115,0.0195417,0.0039977
2180,1982,0.0245173,0.0208872,0.0043253
2180,1983,0.0215372,0.0160988,0.0044488
2180,1984,0.0212744,0.0168451,0.004346
2180,1985,0.0227145,0.0174456,0.0052874
2180,1986,0.0224574,0.0169783,0.0050949
2180,1987,0.0229052,0.01718,0.0049831
2181,1979,0.0181555,0.0133035,0.0040517
2181,1980,0.0184267,0.0139208,0.0048108
2181,1981,0.0175193,0.0133805,0.0044905
2181,1982,0.0184603,0.0136426,0.0048969
2181,1983,0.0175742,0.0130404,0.0049177
2181,1984,0.0164442,0.011862,0.0048264
2181,1985,0.0182236,0.0123204,0.0047111
2181,1986,0.0174059,0.013071,0.0045098
2181,1987,0.0202122,0.0162112,0.0047952
2182,1979,0.0206123,0.0169842,0.0050488
2182,1980,0.0214429,0.0166373,0.0051749
2182,1981,0.0241671,0.0191645,0.005171
2182,1982,0.0248285,0.0195241,0.0054085
2182,1983,0.0187225,0.013838,0.0050136
2182,1984,0.0197652,0.0140387,0.0057615
2182,1985,0.0194578,0.0146108,0.0056433
2182,1986,0.020366,0.0148108,0.0057066
2182,1987,0.0214434,0.0154318,0.0058201
2183,1979,0.0180552,0.0132883,0.0053213
2183,1980,0.0177388,0.0137793,0.0052477
2183,1981,0.0184407,0.0142156,0.0060938
2183,1982,0.0197508,0.0138857,0.0057671
2183,1983,0.0189629,0.0126962,0.0060264
2183,1984,0.0177487,0.0120935,0.0057583
2183,1985,0.0182445,0.0128704,0.0058144
2183,1986,0.0180561,0.0128007,0.0062152
2183,1987,0.0187036,0.0128075,0.006062
2184,1979,0.0184268,0.0133744,0.0047336
2184,1980,0.0186876,0.0143386,0.0050966
2184,1981,0.0193605,0.0179333,0.0015706
2184,1982,0.0198372,0.0145464,0.0057251
2184,1983,0.0162901,0.0106518,0.0054047
2184,1984,0.0166037,0.0111802,0.0054804
2184,1985,0.0182336,0.0126309,0.0055168
2184,1986,0.0188556,0.0123942,0.0056229
2184,1987,0.0194089,0.0115564,0.0056296
2260,1979,0.0210665,0.0155409,0.0048966
2260,1980,0.0215987,0.0152212,0.0051607
2260,1981,0.0212164,0.0158417,0.0051831
2260,1982,0.0212692,0.0176633,0.0049675
2260,1983,0.0156123,0.0121823,0.0049334
2260,1984,0.0155684,0.0104848,0.0054339
2260,1985,0.0163001,0.0108179,0.0051275
2260,1986,0.0180568,0.0121775,0.0049901
2260,1987,0.0192094,0.0118024,0.0059586
2262,1979,0.0169419,0.0114443,0.0051539
2262,1980,0.0171905,0.0124334,0.0050506
2262,1981,0.018538,0.0136734,0.0055279
2262,1982,0.0195955,0.0140981,0.0053249
2262,1983,0.0182855,0.0143299,0.005657
2262,1984,0.0201033,0.0129389,0.005885
2262,1985,0.0236325,0.0162704,0.0057279
2262,1986,0.0213736,0.0163294,0.00587
2262,1987,0.0206697,0.0148998,0.0063156
2280,1979,0.0191565,0.0143476,0.0052715
2280,1980,0.0201581,0.014162,0.0057738
2280,1981,0.0198548,0.0145055,0.0056451
2280,1982,0.0197753,0.0147303,0.0054901
2280,1983,0.0164378,0.011425,0.0052227
2280,1984,0.0170728,0.0118327,0.005178
2280,1985,0.0180189,0.0121094,0.0053362
2280,1986,0.017793,0.0122324,0.0054731
2280,1987,0.0186286,0.0130505,0.0062546
2281,1979,0.024085,0.0189373,0.0048671
2281,1980,0.0246087,0.0206374,0.0049069
2281,1981,0.0261014,0.0207422,0.0049699
2281,1982,0.0260132,0.0214645,0.0051329
2281,1983,0.0198586,0.0142613,0.0053466
2281,1984,0.0201538,0.0157426,0.0052422
2281,1985,0.0214751,0.0155874,0.0053563
2281,1986,0.022181,0.017856,0.0054089
2281,1987,0.023313,0.017101,0.0055903
2282,1979,0.0192361,0.0141089,0.0056866
2282,1980,0.0185625,0.0132074,0.0057157
2282,1981,0.0190853,0.0137588,0.0061763
2282,1982,0.0201556,0.0143046,0.00606
2282,1983,0.0172228,0.0108518,0.006091
2282,1984,0.0172261,0.0107648,0.0062036
2282,1985,0.0184583,0.0114729,0.0060363
2282,1986,0.018819,0.0126445,0.0062844
2282,1987,0.0195131,0.0128038,0.0063575
2283,1979,0.0196923,0.0146051,0.005049
2283,1980,0.01949,0.0137577,0.0052011
2283,1981,0.0203311,0.0184039,0.0053889
2283,1982,0.0240388,0.017446,0.005631
2283,1983,0.0187748,0.0131095,0.0055233
2283,1984,0.0202464,0.0129753,0.0056077
2283,1985,0.021794,0.0147688,0.006283
2283,1986,0.0229376,0.0168666,0.0062704
2283,1987,0.0220975,0.0157141,0.0067518
2284,1979,0.0187156,0.0145487,0.0047509
2284,1980,0.0191165,0.0140814,0.0049797
2284,1981,0.0205275,0.0149699,0.0053931
2284,1982,0.0206781,0.0154792,0.0054098
2284,1983,0.017548,0.0124744,0.0055402
2284,1984,0.0178188,0.012196,0.0055781
2284,1985,0.0177516,0.0125544,0.0054575
2284,1986,0.0198587,0.0144138,0.005121
2284,1987,0.0197499,0.0152702,0.0052103
2303,1979,0.0228961,0.0167309,0.0065573
2303,1980,0.0214356,0.0138678,0.0067226
2303,1981,0.0209443,0.0149348,0.0065073
2303,1982,0.0203635,0.0145192,0.006527
2303,1983,0.0191068,0.0121961,0.0070321
2303,1984,0.0190473,0.0133718,0.0065927
2303,1985,0.0201805,0.010356,0.0069221
2303,1986,0.0196145,0.011813,0.0070331
2303,1987,0.0208535,0.0128477,0.0073654
2305,1979,0.0188343,0.0135198,0.0071998
2305,1980,0.0203809,0.0136506,0.0072845
2305,1981,0.0228824,0.0155857,0.0075593
2305,1982,0.0239584,0.0155512,0.0076873
2305,1983,0.0198078,0.0125366,0.0072837
2305,1984,0.0186423,0.0109521,0.0073331
2305,1985,0.0194184,0.0117416,0.0066917
2305,1986,0.0195459,0.0117884,0.0073881
2305,1987,0.0205591,0.0134303,0.0076381
2309,1979,0.0217262,0.0137834,0.0070742
2309,1980,0.0207341,0.0148194,0.0067519
2309,1981,0.0222108,0.0151683,0.0072431
2309,1982,0.0213176,0.0141285,0.0073649
2309,1983,0.0187906,0.0112226,0.007084
2309,1984,0.0186782,0.011467,0.0076113
2309,1985,0.0180202,0.0120086,0.0074945
2309,1986,0.0186731,0.0123029,0.0074843
2309,1987,0.0196044,0.0120556,0.0082412
2313,1979,0.0255552,0.016707,0.0077636
2313,1980,0.0229974,0.0158285,0.0084
2313,1981,0.022493,0.0157948,0.0081962
2313,1982,0.0234772,0.0173718,0.008448
2313,1983,0.0200533,0.0130971,0.0081122
2313,1984,0.022596,0.0130525,0.0083886
2313,1985,0.0224219,0.0123444,0.0086447
2313,1986,0.0218805,0.0140923,0.0085014
2313,1987,0.0225602,0.012323,0.0090196
2321,1979,0.0242809,0.0136625,0.0079504
2321,1980,0.0306338,0.0216183,0.0080172
2321,1981,0.0280335,0.0215937,0.0081598
2321,1982,0.0257241,0.0194959,0.0077722
2321,1983,0.0209361,0.0132722,0.0081986
2321,1984,0.0209148,0.0131323,0.0079627
2321,1985,0.0217241,0.012581,0.007962
2321,1986,0.0213863,0.0136508,0.0083784
2321,1987,0.0230808,0.0143942,0.0088787
2326,1979,0.0244141,0.0151117,0.0080695
2326,1980,0.0220779,0.0170343,0.0078094
2326,1981,0.0212462,0.0156543,0.0075356
2326,1982,0.0214431,0.0136978,0.0078153
2326,1983,0.0185124,0.0112286,0.0075158
2326,1984,0.0199287,0.0097994,0.0073434
2326,1985,0.0194858,0.0109884,0.0077175
2326,1986,0.0188527,0.0114443,0.0075963
2326,1987,0.0197277,0.0112776,0.0075328
2361,1979,0.0210733,0.015371,0.0067795
2361,1980,0.0202377,0.0150948,0.0065344
2361,1981,0.020362,0.0153666,0.0057766
2361,1982,0.020499,0.0150899,0.0065081
2361,1983,0.0168601,0.0112283,0.0065117
2361,1984,0.0180963,0.0115574,0.0070541
2361,1985,0.0194938,0.0111528,0.0074614
2361,1986,0.0192834,0.010723,0.0070586
2361,1987,0.0202958,0.0119573,0.0076853
2380,1979,0.0197681,0.0147329,0.0055643
2380,1980,0.0198188,0.0145175,0.0053699
2380,1981,0.0203445,0.0144884,0.0051929
2380,1982,0.0206883,0.0164856,0.0053201
2380,1983,0.0179447,0.0134856,0.0052775
2380,1984,0.0180277,0.0129677,0.0053957
2380,1985,0.0191815,0.0131078,0.0054022
2380,1986,0.0199366,0.0137074,0.0053692
2380,1987,0.0192372,0.0138826,0.0055827
2401,1979,0.0190896,0.013787,0.0058754
2401,1980,0.0171661,0.0111818,0.0061857
2401,1981,0.0176132,0.0115322,0.0060809
2401,1982,0.0191226,0.0119669,0.0064355
2401,1983,0.015337,0.0096472,0.0059573
2401,1984,0.0152877,0.0087646,0.006201
2401,1985,0.0158808,0.0093604,0.006444
2401,1986,0.0159646,0.0086838,0.0063738
2401,1987,0.0163904,0.0108764,0.0065865
2404,1979,0.0155743,0.0109909,0.0058228
2404,1980,0.0157972,0.0097214,0.0060141
2404,1981,0.0158854,0.0105208,0.0057248
2404,1982,0.0166566,0.0118572,0.0055757
2404,1983,0.0145961,0.0090591,0.0057827
2404,1984,0.0146775,0.0090287,0.0056645
2404,1985,0.0147755,0.0090811,0.0053797
2404,1986,0.014974,0.0101507,0.0055433
2404,1987,0.0173229,0.0105603,0.0062684
2409,1979,0.0165883,0.0125629,0.0055294
2409,1980,0.0184482,0.0123434,0.006277
2409,1981,0.0188247,0.012457,0.0059327
2409,1982,0.0198491,0.0134467,0.0063382
2409,1983,0.0158168,0.0098929,0.0058799
2409,1984,0.0156584,0.0100209,0.0060235
2409,1985,0.0166136,0.0101557,0.0062496
2409,1986,0.0171817,0.0117063,0.0063177
2409,1987,0.0186752,0.011422,0.0072532
2421,1979,0.0221942,0.0139387,0.0079165
2421,1980,0.0217977,0.0140454,0.0084906
2421,1981,0.0224941,0.0142204,0.0087585
2421,1982,0.02202,0.0144754,0.0076643
2421,1983,0.0191371,0.0110866,0.0076521
2421,1984,0.0196481,0.0122898,0.0075789
2421,1985,0.0199082,0.0114076,0.0075315
2421,1986,0.021367,0.0133282,0.0076311
2421,1987,0.0199616,0.0125827,0.0083354
2422,1979,0.0225919,0.0169333,0.0097546
2422,1980,0.0229445,0.0141628,0.0089685
2422,1981,0.023264,0.0148231,0.0093674
2422,1982,0.0250409,0.0159931,0.0087611
2422,1983,0.028156,0.0140633,0.0125891
2422,1984,0.0251564,0.0121869,0.0125782
2422,1985,0.0224002,0.0108111,0.0091747
2422,1986,0.0216008,0.0126652,0.0096608
2422,1987,0.0267401,0.0139503,0.0097122
2462,1979,0.0237896,0.0135371,0.0093792
2462,1980,0.0230577,0.0141273,0.0101918
2462,1981,0.0220653,0.0143587,0.0090556
2462,1982,0.0218378,0.0148422,0.0087842
2462,1983,0.0202409,0.0115116,0.0078854
2462,1984,0.0201271,0.0106037,0.0086046
2462,1985,0.019902,0.0114025,0.0082429
2462,1986,0.019828,0.0129164,0.0082497
2462,1987,0.0227584,0.0121328,0.0092691
2480,1979,0.0245699,0.0201478,0.0053074
2480,1980,0.0259607,0.0217003,0.0055823
2480,1981,0.0269523,0.0214759,0.0056939
2480,1982,0.0236098,0.0184182,0.0056774
2480,1983,0.0200281,0.0143658,0.0058303
2480,1984,0.0210529,0.0151239,0.0058725
2480,1985,0.02127,0.0148708,0.0066133
2480,1986,0.0230277,0.0150524,0.0058669
2480,1987,0.0238875,0.0174369,0.0064119
2481,1979,0.0247083,0.0161827,0.0077142
2481,1980,0.0253829,0.0162824,0.0081965
2481,1981,0.0265726,0.0175819,0.0078111
2481,1982,0.0282228,0.0214116,0.0078406
2481,1983,0.0193305,0.011971,0.0080623
2481,1984,0.0197458,0.0121282,0.0076627
2481,1985,0.0205186,0.0128616,0.0076355
2481,1986,0.0222481,0.0148185,0.007742
2481,1987,0.0240701,0.0138551,0.0085136
2482,1979,0.0233534,0.0187067,0.0054154
2482,1980,0.0230912,0.0173621,0.0056319
2482,1981,0.0232468,0.0176691,0.0059332
2482,1982,0.0241364,0.0198061,0.0060362
2482,1983,0.0211014,0.0161973,0.0058531
2482,1984,0.0243629,0.0183344,0.0062701
2482,1985,0.0255325,0.0177515,0.0062455
2482,1986,0.0253792,0.0204901,0.0063027
2482,1987,0.0242458,0.0183571,0.0064741
2505,1979,0.0202266,0.0118245,0.007193
2505,1980,0.0183021,0.0115255,0.0071145
2505,1981,0.0196973,0.0120622,0.0086617
2505,1982,0.0193749,0.0117022,0.0084458
2505,1983,0.0193379,0.0104433,0.0077434
2505,1984,0.0192454,0.0117947,0.0097451
2505,1985,0.0260651,0.0156489,0.0088109
2505,1986,0.0231131,0.0138095,0.0073075
2505,1987,0.0211586,0.0121166,0.0092803
2506,1979,0.0229932,0.0158361,0.0083911
2506,1980,0.0257954,0.0153613,0.0112674
2506,1981,0.0241836,0.0155895,0.0090605
2506,1982,0.0253443,0.0179561,0.0083857
2506,1983,0.025002,0.0125441,0.0106208
2506,1984,0.0224814,0.0139119,0.0092746
2506,1985,0.0263711,0.0176066,0.0084026
2506,1986,0.0254497,0.0187345,0.0063746
2506,1987,0.0245999,0.0169621,0.0100472
2510,1979,0.0274015,0.0206705,0.0074814
2510,1980,0.0295972,0.0271086,0.0082611
2510,1981,0.0270092,0.0207222,0.0075025
2510,1982,0.0332862,0.0268912,0.0061293
2510,1983,0.0286264,0.0212017,0.0086269
2510,1984,0.027539,0.0163217,0.0079316
2510,1985,0.0227169,0.0132333,0.0096879
2510,1986,0.0221919,0.0126969,0.0085247
2510,1987,0.0225956,0.0146533,0.0086188
2513,1979,0.0243812,0.0146032,0.0096822
2513,1980,0.0231795,0.0130385,0.0103399
2513,1981,0.0216359,0.0128968,0.0097984
2513,1982,0.022524,0.0148353,0.0088962
2513,1983,0.0201143,0.0108622,0.0085718
2513,1984,0.0203357,0.0110765,0.0091078
2513,1985,0.0208984,0.0105318,0.0094786
2513,1986,0.0238667,0.0136804,0.0103047
2513,1987,0.0223879,0.0120371,0.0099243
2514,1979,0.0185274,0.0113794,0.0076269
2514,1980,0.0183687,0.0110468,0.0078723
2514,1981,0.0191828,0.0111401,0.0077198
2514,1982,0.0186571,0.0115739,0.0075737
2514,1983,0.0179908,0.0097085,0.0079141
2514,1984,0.0177572,0.0089253,0.0082379
2514,1985,0.0174909,0.0099747,0.0075837
2514,1986,0.0185924,0.010687,0.0082561
2514,1987,0.0189815,0.0111891,0.0082297
2518,1979,0.0219398,0.0122005,0.0105067
2518,1980,0.0216113,0.0120063,0.0100946
2518,1981,0.0219464,0.0138609,0.0093262
2518,1982,0.0220084,0.0134789,0.0091359
2518,1983,0.020896,0.0103941,0.0101608
2518,1984,0.0212343,0.0125376,0.0095935
2518,1985,0.0202638,0.0128569,0.0099297
2518,1986,0.0214557,0.0135567,0.0097695
2518,1987,0.0236774,0.0123455,0.0109385
2521,1979,0.0219844,0.0123755,0.0100388
2521,1980,0.02192,0.0111008,0.0110843
2521,1981,0.0240093,0.0137942,0.0113518
2521,1982,0.0240602,0.0131966,0.0116508
2521,1983,0.0238263,0.0099025,0.0123912
2521,1984,0.0250123,0.01,0.0109436
2521,1985,0.0250533,0.0133804,0.0116846
2521,1986,0.0238507,0.0126624,0.0118153
2521,1987,0.0238393,0.013836,0.0118503
2523,1979,0.0248849,0.0159336,0.0096636
2523,1980,0.0235277,0.0147448,0.0084865
2523,1981,0.0236033,0.0164237,0.0092986
2523,1982,0.0243887,0.0192916,0.0079908
2523,1983,0.0226528,0.0141798,0.0086995
2523,1984,0.0235387,0.0132531,0.0090055
2523,1985,0.0232712,0.0144666,0.0084673
2523,1986,0.0250233,0.0160177,0.0079784
2523,1987,0.0236535,0.0164134,0.0082126
2560,1979,0.0201133,0.0138877,0.0078396
2560,1980,0.0198983,0.0141519,0.0077943
2560,1981,0.0231202,0.0155813,0.0080844
2560,1982,0.0227535,0.0148998,0.0083746
2560,1983,0.0181246,0.0099132,0.0073903
2560,1984,0.0169863,0.0100511,0.0079292
2560,1985,0.0184147,0.0102375,0.0078055
2560,1986,0.0194567,0.0117286,0.0082332
2560,1987,0.0229926,0.0135504,0.0089519
2580,1979,0.02403,0.0174133,0.0077522
2580,1980,0.023568,0.0168315,0.0075261
2580,1981,0.0232405,0.0170854,0.0071721
2580,1982,0.022476,0.016643,0.0070041
2580,1983,0.0196264,0.0128151,0.0070041
2580,1984,0.0196496,0.0125196,0.0066957
2580,1985,0.0206266,0.0130614,0.0064557
2580,1986,0.0222783,0.0134281,0.0064758
2580,1987,0.0212535,0.0142925,0.0069236
2581,1979,0.0219514,0.0160799,0.0073216
2581,1980,0.0216394,0.0133867,0.0075822
2581,1981,0.0207196,0.0138388,0.0074171
2581,1982,0.0207987,0.0144336,0.0071473
2581,1983,0.0180567,0.0106621,0.0074655
2581,1984,0.0185477,0.0107085,0.0072037
2581,1985,0.0186033,0.011044,0.0072278
2581,1986,0.0190404,0.0117423,0.00704
2581,1987,0.0195759,0.0122681,0.0077135
2582,1979,0.0239115,0.0175803,0.0069047
2582,1980,0.0249324,0.0194105,0.0064871
2582,1981,0.0196118,0.0138724,0.0066913
2582,1982,0.0210761,0.0147273,0.0071667
2582,1983,0.0192209,0.0117501,0.006759
2582,1984,0.0197142,0.0116908,0.0068243
2582,1985,0.0205268,0.012474,0.0068979
2582,1986,0.0208938,0.0160324,0.0070831
2582,1987,0.0207278,0.0131699,0.0072044
2583,1979,0.0227688,0.0131082,0.0101634
2583,1980,0.0244383,0.0146877,0.0100911
2583,1981,0.0232142,0.0159493,0.0105076
2583,1982,0.0261724,0.0152142,0.01092
2583,1983,0.0204104,0.0107954,0.0108527
2583,1984,0.0207674,0.011307,0.0097843
2583,1985,0.0226845,0.0133677,0.0102587
2583,1986,0.0246192,0.0120309,0.0105511
2583,1987,0.0239035,0.0141956,0.0106537
2584,1979,0.0237665,0.0156285,0.0083795
2584,1980,0.02284,0.0141709,0.0088193
2584,1981,0.0222996,0.0146912,0.0086643
2584,1982,0.0222043,0.0156891,0.0082195
2584,1983,0.0213057,0.0123558,0.0084273
2584,1984,0.0234134,0.0134073,0.0095341
2584,1985,0.0237662,0.013282,0.0087281
2584,1986,0.0253075,0.0159528,0.0095574
2584,1987,0.0242423,0.0147043,0.0087224
