"wage","hours","IQ","KWW","educ","exper","tenure","age","married","black","south","urban","sibs","brthord","meduc","feduc","lwage"
769,40,93,35,12,11,2,31,1,0,0,1,1,2,8,8,6.64509105682373
808,50,119,41,18,11,16,37,1,0,0,1,1,NA,14,14,6.69456195831299
825,40,108,46,14,11,9,33,1,0,0,1,1,2,14,14,6.71538352966309
650,40,96,32,12,13,7,32,1,0,0,1,4,3,12,12,6.47697257995605
562,40,74,27,11,14,5,34,1,0,0,1,10,6,6,11,6.33150196075439
1400,40,116,43,16,14,2,35,1,1,0,1,1,2,8,NA,7.24422740936279
600,40,91,24,10,13,0,30,0,0,0,1,1,2,8,8,6.39692974090576
1081,40,114,50,18,8,14,38,1,0,0,1,2,3,8,NA,6.98564195632935
1154,45,111,37,15,13,1,36,1,0,0,0,2,3,14,5,7.05098962783813
1000,40,95,44,12,16,16,36,1,0,0,1,1,1,12,11,6.90775537490845
930,43,132,44,18,8,13,38,1,0,0,0,1,1,13,14,6.8351845741272
921,38,102,45,14,9,11,33,1,0,0,0,1,2,16,NA,6.8254599571228
900,45,125,40,15,4,3,30,0,0,0,0,2,NA,12,12,6.80239486694336
1318,38,119,24,16,7,2,28,1,0,0,1,3,1,10,10,7.18387079238892
1792,40,118,47,16,9,9,34,1,0,0,1,1,1,12,12,7.49108743667603
958,50,105,37,10,17,2,35,1,0,0,1,1,2,6,8,6.8648476600647
1360,45,109,39,15,6,9,36,1,0,0,1,3,3,12,10,7.21524000167847
850,40,72,36,11,19,10,38,1,0,0,1,2,3,10,8,6.74523639678955
830,44,105,29,14,4,7,29,1,0,0,1,3,1,12,NA,6.72142553329468
471,44,101,34,12,13,7,31,1,0,0,1,3,2,8,NA,6.15485811233521
1275,40,123,37,14,9,1,31,1,0,0,1,0,1,12,NA,7.15070152282715
1615,50,113,49,16,10,4,36,1,0,0,1,2,1,12,12,7.38709020614624
873,65,95,36,12,14,3,38,1,0,0,1,5,1,10,10,6.77193546295166
2137,45,145,50,16,17,8,38,1,0,0,1,2,1,12,12,7.66715812683105
1053,38,114,35,16,12,7,32,1,0,0,1,0,1,11,11,6.95939874649048
1602,60,124,32,16,8,9,29,1,0,0,1,3,1,16,16,7.37900829315186
1188,40,93,40,13,16,5,35,1,0,0,1,2,1,12,8,7.08002662658691
800,40,115,39,18,11,1,35,1,0,1,1,0,1,8,8,6.68461179733276
1417,48,125,41,17,9,4,34,1,0,0,1,3,1,13,12,7.25629711151123
635,40,128,35,18,8,13,36,0,0,0,1,2,1,16,16,6.45362520217896
1000,40,103,40,12,17,2,34,1,0,0,1,1,1,8,NA,6.90775537490845
1424,50,98,41,14,15,4,35,1,0,0,1,1,1,12,12,7.26122522354126
2668,75,108,41,13,12,2,32,1,0,1,1,1,2,12,12,7.88908433914185
666,75,129,40,18,8,12,38,1,0,0,0,2,1,18,18,6.50128984451294
1779,40,132,42,17,8,9,32,1,0,0,1,1,1,17,14,7.48380661010742
782,40,92,24,13,9,10,31,1,0,0,1,3,3,8,NA,6.66185474395752
1572,35,108,39,14,7,5,28,1,1,0,1,1,NA,12,8,7.36010408401489
1274,40,106,35,13,11,12,31,1,0,0,1,0,1,15,12,7.14991664886475
714,35,105,37,16,9,2,29,1,0,0,1,1,2,13,12,6.57088279724121
1081,40,123,46,18,11,7,36,1,0,0,0,1,1,12,12,6.98564195632935
692,40,108,48,12,21,11,38,1,0,0,1,3,1,8,7,6.53958606719971
1318,38,122,47,17,10,9,33,1,0,0,1,1,NA,12,8,7.18387079238892
1239,45,109,44,12,16,4,38,1,0,0,1,3,3,12,NA,7.12205982208252
1027,27,100,40,13,12,15,38,1,0,0,1,3,3,10,9,6.93439722061157
1748,55,125,50,18,12,12,34,1,0,0,1,1,2,14,15,7.46622753143311
981,40,122,41,14,9,15,35,0,0,0,1,3,2,12,NA,6.88857269287109
770,40,105,34,17,7,11,30,1,0,0,1,3,1,12,12,6.64639043807983
1154,50,94,37,16,11,5,33,1,0,0,1,1,NA,12,12,7.05098962783813
1155,40,102,36,12,16,5,34,1,0,0,1,1,2,12,NA,7.05185556411743
808,60,109,47,13,14,12,38,1,0,0,1,2,2,12,10,6.69456195831299
1100,40,105,45,12,22,14,38,1,0,0,1,1,1,12,12,7.00306558609009
1154,40,134,46,18,10,10,37,1,0,1,1,2,1,12,12,7.05098962783813
1749,40,108,32,12,13,9,29,0,0,0,1,7,1,12,9,7.46679925918579
1000,50,104,36,16,11,8,30,1,0,0,1,1,1,12,11,6.90775537490845
462,40,112,35,12,11,1,29,1,0,0,1,8,3,12,NA,6.13556480407715
769,55,120,49,18,8,12,32,0,0,0,1,1,1,11,8,6.64509105682373
875,50,124,40,16,9,3,31,0,0,0,0,2,2,17,16,6.77422380447388
1375,40,103,34,12,12,7,29,1,0,0,1,4,2,12,10,7.22620916366577
1452,45,115,45,17,1,7,30,1,0,0,1,3,1,12,14,7.28069734573364
800,40,96,33,12,17,12,35,1,0,0,1,1,2,6,8,6.68461179733276
1748,55,123,48,17,10,7,36,1,0,0,1,1,1,12,12,7.46622753143311
1151,40,98,34,12,12,12,29,1,0,0,1,3,4,12,8,7.0483865737915
840,50,96,34,12,18,13,35,1,0,0,1,2,1,12,8,6.73340177536011
978,45,89,47,12,17,2,38,1,0,0,1,0,1,12,NA,6.8855094909668
963,40,109,43,12,15,15,37,0,0,0,0,5,NA,NA,7,6.8700532913208
619,42,93,20,12,10,10,28,0,0,0,1,8,NA,9,11,6.42810535430908
442,60,82,32,12,12,0,33,1,0,0,1,2,3,12,9,6.09131002426147
600,40,120,45,15,12,1,38,1,0,0,0,3,4,12,NA,6.39692974090576
1366,38,122,38,12,15,15,32,1,0,0,1,1,2,12,NA,7.219642162323
1643,48,117,48,18,8,2,33,1,0,0,1,2,2,12,18,7.40427923202515
1455,40,109,44,16,8,13,36,1,0,0,1,1,2,8,8,7.28276109695435
2310,40,114,55,18,12,7,38,1,0,0,1,2,NA,12,16,7.74500274658203
1682,45,126,40,16,10,11,31,1,0,0,1,1,1,12,16,7.42773866653442
1235,40,82,45,12,10,2,33,1,0,0,1,1,1,11,11,7.11882638931274
855,45,119,45,16,11,4,32,1,0,0,1,3,1,12,9,6.75110149383545
1072,42,104,37,16,6,8,35,1,0,0,1,2,2,12,6,6.97728157043457
1040,40,115,49,15,8,15,35,1,0,0,1,3,4,NA,11,6.94697618484497
1000,50,97,45,12,17,15,36,1,0,0,1,1,2,12,12,6.90775537490845
675,40,105,27,15,8,2,31,1,0,0,0,3,NA,14,12,6.51471281051636
1100,37,100,32,12,14,1,30,1,0,0,1,1,2,7,7,7.00306558609009
996,50,114,41,12,5,14,31,1,0,0,1,2,1,12,10,6.90374708175659
732,40,73,28,10,17,5,36,1,0,0,1,5,6,NA,NA,6.59578037261963
1200,40,96,48,11,15,3,37,1,0,0,1,4,3,8,8,7.09007692337036
1694,30,113,30,15,9,8,29,0,0,0,1,3,1,12,16,7.43484783172607
686,55,106,38,10,15,3,36,1,0,1,1,4,5,14,10,6.53087759017944
754,40,104,37,13,9,5,32,1,0,0,1,1,2,8,NA,6.6253924369812
857,35,80,39,10,14,15,33,1,0,0,1,2,1,NA,12,6.75343799591064
832,50,104,30,13,4,2,30,1,0,0,1,1,2,12,8,6.72383260726929
579,44,122,36,13,8,1,30,1,0,0,0,4,1,16,16,6.36130237579346
672,61,96,38,12,13,3,34,1,0,0,1,2,NA,12,13,6.51025819778442
2500,40,95,51,15,12,9,36,1,0,0,1,3,1,16,16,7.82404613494873
1076,45,105,24,12,5,8,31,0,0,0,1,1,1,16,17,6.98100566864014
750,40,94,18,12,16,3,37,1,1,0,1,7,3,8,8,6.62007331848145
1186,30,91,41,17,8,9,33,1,0,0,1,1,1,12,14,7.07834148406982
833,48,96,37,16,9,7,31,1,0,0,1,4,4,12,14,6.7250337600708
650,40,69,37,12,14,11,30,1,1,0,1,3,4,10,9,6.47697257995605
1250,46,110,37,12,5,16,38,1,0,0,0,1,1,NA,12,7.13089895248413
1122,48,111,44,15,12,9,31,1,0,0,1,3,1,9,12,7.02286815643311
865,40,110,35,16,1,11,31,1,0,0,1,3,1,9,12,6.76272964477539
808,40,97,37,16,10,7,29,1,0,0,1,3,3,9,12,6.69456195831299
1299,60,125,44,18,6,12,35,0,0,0,1,1,2,8,8,7.16935014724731
903,40,91,39,12,6,12,36,1,0,0,1,5,4,9,10,6.80572271347046
900,40,86,28,12,17,15,37,1,0,0,1,5,3,8,10,6.80239486694336
625,40,110,32,12,18,0,35,1,0,0,1,4,1,9,8,6.43775177001953
1586,40,92,47,14,16,1,36,1,0,1,1,4,4,12,NA,7.36897039413452
962,40,85,41,10,15,16,38,1,0,0,1,1,2,9,12,6.86901426315308
1539,45,120,36,17,7,8,34,1,0,0,1,1,1,8,8,7.33888816833496
1110,52,106,42,12,11,6,33,1,0,0,0,5,2,12,12,7.01211547851562
1282,45,112,41,16,6,6,31,0,0,1,1,2,2,12,12,7.15617656707764
770,48,91,39,12,13,2,38,1,0,0,1,1,2,10,8,6.64639043807983
1000,45,90,42,12,16,0,38,1,0,0,1,6,3,10,12,6.90775537490845
895,40,86,39,9,17,16,38,1,1,0,0,2,NA,NA,12,6.79682350158691
1205,40,86,32,10,13,0,32,1,1,0,1,5,5,8,NA,7.09423494338989
750,40,113,27,12,11,10,29,1,0,0,0,1,NA,12,12,6.62007331848145
654,50,111,51,13,5,16,38,1,0,0,1,3,3,12,9,6.4831075668335
601,48,111,30,12,15,3,33,1,0,0,1,0,1,12,12,6.39859485626221
600,40,106,32,13,10,11,28,1,0,0,1,6,NA,8,7,6.39692974090576
433,40,98,28,12,11,10,30,0,0,0,1,1,1,12,11,6.07073783874512
1188,40,105,28,12,11,7,30,1,0,0,1,3,1,12,10,7.08002662658691
635,40,105,29,12,15,15,33,1,0,0,0,2,2,10,NA,6.45362520217896
1225,40,118,44,13,9,14,32,1,0,0,1,0,1,12,9,7.11069631576538
1151,45,90,38,12,19,19,36,1,0,0,1,1,1,12,8,7.0483865737915
865,40,95,34,12,15,11,32,0,0,0,1,3,1,9,8,6.76272964477539
1031,40,112,24,14,9,5,29,1,0,0,1,4,2,12,12,6.93828439712524
1049,55,120,39,12,9,11,32,1,0,0,1,3,2,12,10,6.9555926322937
1000,45,123,41,12,12,1,29,1,0,0,1,3,3,12,10,6.90775537490845
1105,40,103,32,13,10,11,30,1,0,0,1,1,1,16,15,7.00760078430176
1924,50,121,40,18,11,7,35,1,0,0,1,3,1,16,18,7.56216144561768
1346,40,90,44,16,9,16,38,1,0,0,1,1,1,12,12,7.20489263534546
809,65,125,32,12,11,10,29,1,0,0,1,0,1,12,12,6.69579887390137
1495,45,109,34,18,10,3,32,1,0,0,1,3,1,9,8,7.30988168716431
1346,50,128,46,16,10,1,33,0,0,0,0,3,1,10,9,7.20489263534546
1200,40,97,35,12,10,4,31,1,0,0,1,3,1,12,12,7.09007692337036
500,40,96,35,12,6,0,33,1,0,1,1,4,4,12,12,6.21460819244385
1325,45,97,44,12,12,5,28,1,0,0,1,1,2,12,8,7.18916797637939
900,40,78,21,12,16,5,33,1,1,0,1,4,1,7,6,6.80239486694336
800,40,112,39,12,15,3,34,1,0,0,1,6,4,7,NA,6.68461179733276
800,40,88,32,12,16,7,38,1,0,0,1,3,2,2,5,6.68461179733276
1034,40,97,39,12,15,16,36,1,0,0,1,14,10,14,11,6.94119024276733
980,40,101,41,12,4,12,36,1,0,0,1,1,NA,6,9,6.8875527381897
884,40,106,42,10,19,12,34,1,0,0,1,2,1,7,10,6.78445720672607
480,40,59,28,10,11,5,34,0,0,0,1,0,1,8,6,6.17378616333008
923,40,105,54,18,7,14,34,1,0,0,1,1,1,12,12,6.82762908935547
513,45,119,30,17,8,5,31,0,0,0,1,1,1,12,8,6.24027585983276
1105,40,93,36,11,17,16,37,0,0,0,1,2,2,8,8,7.00760078430176
1193,50,82,38,12,19,10,36,1,0,1,1,0,1,12,NA,7.08422660827637
2771,50,134,45,18,6,7,34,1,0,0,1,4,3,16,16,7.92696332931519
779,40,84,29,12,9,6,30,1,0,0,1,0,1,8,12,6.65801095962524
950,60,98,36,11,13,6,31,1,0,0,1,2,1,12,12,6.85646200180054
1394,40,118,41,16,11,8,30,1,0,0,0,2,1,13,12,7.23993253707886
1495,45,113,50,17,13,9,33,1,0,0,1,3,3,12,8,7.30988168716431
650,40,100,18,12,4,3,28,1,0,0,1,6,2,9,11,6.47697257995605
670,40,93,27,13,9,5,29,1,0,0,1,2,NA,12,12,6.5072774887085
1126,40,119,30,16,5,8,32,1,0,0,1,1,1,12,10,7.02642679214478
450,64,67,19,12,11,1,33,0,1,0,1,6,1,11,4,6.10924768447876
1028,40,111,28,12,19,12,37,1,1,1,1,3,4,12,NA,6.93537044525146
2404,50,106,38,15,8,0,32,1,0,0,1,2,1,12,12,7.78488922119141
1899,40,127,49,18,9,14,36,0,0,0,1,0,1,10,NA,7.54908275604248
757,40,113,35,16,10,9,33,1,0,0,1,2,1,12,12,6.62936305999756
1250,40,115,36,14,9,1,29,1,0,0,1,2,2,12,12,7.13089895248413
1162,48,102,40,16,8,11,31,1,0,0,1,3,2,12,NA,7.05789804458618
1025,40,85,29,15,9,13,29,1,1,0,1,6,1,14,12,6.93244791030884
1100,50,117,51,16,11,12,32,1,0,0,0,0,1,12,10,7.00306558609009
714,35,125,34,16,7,5,28,1,0,0,1,4,1,10,10,6.57088279724121
1318,35,118,47,16,16,17,37,1,0,0,0,1,1,8,12,7.18387079238892
1411,45,121,40,18,14,3,38,1,0,0,1,3,2,12,16,7.25205373764038
2162,40,115,51,17,4,4,38,1,0,0,1,1,1,12,12,7.67878913879395
1273,55,120,44,14,11,16,36,1,0,0,0,1,1,12,NA,7.14913177490234
1140,48,109,43,12,16,15,35,1,0,0,1,2,2,11,6,7.03878355026245
578,40,109,28,13,7,4,30,0,0,0,1,1,NA,12,11,6.35957384109497
942,40,85,36,12,7,10,38,1,0,0,1,4,5,NA,NA,6.8480052947998
1058,40,85,50,12,17,8,38,1,0,0,0,4,1,12,NA,6.96413564682007
750,40,106,32,14,9,9,29,1,0,0,1,1,2,11,10,6.62007331848145
1000,60,101,30,12,11,6,30,1,0,0,1,3,1,10,10,6.90775537490845
951,60,116,40,12,9,7,30,1,0,0,1,4,5,12,9,6.85751390457153
635,47,91,24,12,13,2,31,1,0,0,1,2,2,7,7,6.45362520217896
1250,40,91,28,12,13,1,34,1,0,0,1,3,1,11,5,7.13089895248413
675,40,110,34,12,6,15,34,1,0,0,1,2,1,7,NA,6.51471281051636
400,40,75,33,12,11,6,32,1,0,0,1,4,NA,7,12,5.99146461486816
577,50,94,17,12,9,8,29,1,0,0,1,2,NA,12,8,6.35784244537354
590,40,109,27,13,10,7,29,1,0,0,0,2,2,12,12,6.38012266159058
923,50,122,38,16,10,10,31,1,0,0,0,1,2,8,8,6.82762908935547
1250,50,102,26,12,6,2,32,0,0,0,1,4,2,11,8,7.13089895248413
1100,40,122,38,14,11,8,33,1,0,0,1,2,3,8,10,7.00306558609009
1130,50,105,38,12,18,2,37,1,0,0,1,4,2,10,10,7.02997303009033
652,50,113,37,12,14,4,36,0,0,0,1,1,2,9,9,6.4800443649292
618,42,104,34,12,6,2,30,1,0,0,1,3,2,8,12,6.42648839950562
962,50,124,43,16,7,14,34,1,0,0,1,2,2,9,11,6.86901426315308
529,40,110,31,13,14,11,32,1,0,0,0,1,1,12,8,6.27098846435547
817,40,95,37,12,16,14,33,1,0,0,0,2,1,12,12,6.70563888549805
962,40,120,39,16,8,9,32,1,0,0,0,0,1,18,NA,6.86901426315308
840,40,105,39,12,19,15,38,1,0,0,0,3,1,12,8,6.73340177536011
866,40,121,30,16,7,4,28,1,0,0,0,1,NA,12,12,6.76388502120972
2404,50,96,42,14,1,1,36,1,0,0,1,5,5,8,10,7.78488922119141
1126,40,110,26,12,16,2,32,1,0,0,1,6,1,9,12,7.02642679214478
1160,40,92,32,12,8,8,31,1,0,0,0,4,1,12,11,7.05617523193359
723,40,98,34,12,15,5,38,1,0,0,1,1,1,9,NA,6.58340930938721
1778,40,109,43,16,14,13,36,1,0,0,1,0,1,11,12,7.4832444190979
1903,48,118,44,18,13,5,36,1,0,0,0,0,1,11,11,7.55118703842163
1010,40,97,42,18,7,14,34,1,0,0,1,4,5,14,NA,6.91770553588867
971,40,95,42,17,5,11,37,1,0,0,1,1,2,16,8,6.87832641601562
525,40,99,40,12,9,2,34,1,0,0,1,2,1,10,8,6.26339817047119
525,40,106,31,12,12,13,30,1,0,0,0,1,1,10,12,6.26339817047119
670,45,117,33,12,10,3,30,1,0,0,0,5,2,12,NA,6.5072774887085
500,45,90,47,12,19,4,37,1,0,0,0,0,1,12,6,6.21460819244385
1058,45,98,45,14,14,15,34,1,0,0,0,2,3,NA,NA,6.96413564682007
550,46,95,44,12,18,15,35,1,0,0,1,1,1,12,11,6.30991840362549
500,45,115,43,12,14,1,32,1,0,0,1,1,2,12,11,6.21460819244385
727,55,106,40,15,10,5,31,0,0,0,1,1,NA,12,12,6.58892631530762
865,40,114,26,12,6,8,30,1,0,0,0,2,3,8,8,6.76272964477539
1081,40,92,34,13,8,2,30,1,0,1,1,3,4,12,10,6.98564195632935
1304,45,119,36,17,9,9,31,1,0,0,0,1,1,13,12,7.1731915473938
575,40,85,32,13,6,1,30,1,0,0,0,1,2,13,12,6.3543701171875
623,45,98,34,16,7,1,30,1,0,0,0,3,1,12,12,6.43454647064209
515,45,114,30,13,8,10,28,1,0,0,0,3,2,12,12,6.2441668510437
1273,55,84,42,18,14,4,37,1,0,0,1,1,1,8,12,7.14913177490234
990,40,108,42,13,13,9,33,1,0,0,0,4,1,16,16,6.897705078125
600,40,107,32,12,16,6,33,1,0,0,0,5,6,8,4,6.39692974090576
1160,40,84,35,12,17,2,38,1,0,0,0,4,2,16,12,7.05617523193359
500,55,86,22,12,11,9,29,1,0,0,0,5,5,10,12,6.21460819244385
795,45,88,27,12,17,18,35,1,0,0,0,2,2,10,12,6.67834234237671
500,50,97,34,11,20,3,37,1,0,0,0,2,1,NA,NA,6.21460819244385
740,50,84,31,10,23,13,38,1,0,0,0,5,1,NA,9,6.60665035247803
1250,40,117,45,16,10,7,33,1,0,0,1,1,1,12,14,7.13089895248413
1014,55,110,42,16,13,9,30,0,0,0,1,1,2,12,14,6.92165803909302
1250,32,104,32,13,13,3,33,1,0,0,1,3,3,9,NA,7.13089895248413
913,40,110,26,14,4,13,29,1,0,0,1,3,4,9,NA,6.81673574447632
1346,40,99,33,16,9,8,30,1,0,0,1,2,NA,11,12,7.20489263534546
445,40,80,31,10,19,0,38,1,0,0,0,5,5,NA,NA,6.09807443618774
265,40,101,43,12,18,2,37,1,0,0,1,1,2,NA,NA,5.57973003387451
1250,40,117,31,14,7,1,28,1,0,0,1,1,2,12,12,7.13089895248413
1607,56,108,41,13,7,9,36,1,0,0,1,2,1,NA,NA,7.38212442398071
1452,35,69,33,16,12,15,38,1,1,0,1,7,6,10,10,7.28069734573364
1391,50,109,38,12,14,8,32,1,1,1,1,1,2,11,9,7.2377781867981
821,45,85,39,16,8,2,32,1,0,0,1,5,6,8,8,6.71052312850952
794,40,114,36,16,9,7,29,1,0,0,1,1,2,11,9,6.67708349227905
500,30,90,46,13,10,1,38,1,0,0,0,4,3,NA,NA,6.21460819244385
520,50,107,30,18,6,3,29,1,0,0,0,10,1,12,14,6.25382900238037
1730,50,117,41,18,12,12,37,1,0,0,1,1,2,12,8,7.45587682723999
1924,50,112,47,18,9,10,38,1,0,0,1,6,1,16,18,7.56216144561768
1155,60,106,46,18,10,2,37,1,0,0,1,3,3,14,18,7.05185556411743
2162,40,116,38,15,9,4,31,1,0,0,1,2,1,12,17,7.67878913879395
923,50,123,44,14,8,7,31,1,0,0,1,1,2,8,NA,6.82762908935547
1115,40,118,40,16,12,13,33,1,0,0,1,1,1,8,NA,7.01660966873169
449,36,91,20,12,7,2,30,0,0,0,1,1,NA,NA,NA,6.10702276229858
1500,40,103,29,12,10,11,34,1,0,0,1,2,3,12,7,7.31322050094604
826,40,114,40,14,20,3,37,1,0,0,1,4,4,8,6,6.71659469604492
937,40,102,36,12,16,8,35,1,0,0,1,3,2,12,6,6.8426833152771
978,48,104,36,12,19,15,36,1,0,0,1,5,6,6,NA,6.8855094909668
1031,40,112,43,14,14,12,33,0,0,0,1,6,6,14,12,6.93828439712524
1272,40,107,39,12,10,1,30,1,0,0,1,4,3,12,12,7.14834594726562
1136,50,117,36,14,16,12,34,1,0,1,1,2,3,12,12,7.03526878356934
800,45,110,36,12,19,12,36,1,0,0,1,7,8,NA,NA,6.68461179733276
1339,38,96,42,12,8,9,33,1,0,0,1,0,1,12,11,7.19967842102051
1063,40,90,38,12,14,12,32,1,1,0,1,2,2,8,12,6.96885061264038
935,44,97,27,12,10,6,29,1,0,0,1,2,2,8,7,6.84054660797119
808,40,99,40,12,18,13,38,1,1,0,1,0,1,9,8,6.69456195831299
375,40,99,29,10,12,2,30,1,0,1,0,3,2,8,5,5.92692613601685
537,40,97,32,12,14,8,31,0,1,0,1,2,1,11,NA,6.28599786758423
1082,55,95,40,12,11,4,29,1,1,0,1,2,2,11,NA,6.9865665435791
930,40,126,44,14,10,1,31,0,0,0,1,3,NA,8,NA,6.8351845741272
1155,40,109,49,17,13,4,38,1,0,0,0,3,3,12,8,7.05185556411743
548,40,86,22,11,7,0,33,1,1,0,1,5,2,11,NA,6.30627536773682
622,45,119,48,16,12,1,33,1,0,0,1,0,1,12,12,6.4329400062561
841,40,102,38,16,10,1,29,1,0,0,1,3,1,12,12,6.73459148406982
769,55,105,45,18,7,15,38,0,0,0,1,2,3,9,5,6.64509105682373
587,38,117,40,17,8,5,29,1,0,0,0,3,3,12,NA,6.37502479553223
1924,45,112,40,16,17,18,38,1,0,0,1,1,1,12,12,7.56216144561768
1058,40,89,28,12,7,3,29,1,0,0,1,2,NA,8,6,6.96413564682007
417,48,131,39,12,7,1,28,0,0,0,1,1,2,12,6,6.03308629989624
1202,48,114,28,16,6,6,28,1,0,0,1,3,3,16,16,7.09174203872681
1154,40,98,35,14,18,2,37,1,0,0,1,1,NA,10,14,7.05098962783813
1070,40,124,41,13,4,9,32,1,0,0,1,0,1,NA,NA,6.97541379928589
1202,40,125,30,14,10,11,29,1,0,0,1,2,3,12,12,7.09174203872681
711,45,100,38,18,13,3,36,1,0,0,1,1,NA,10,16,6.56667232513428
1202,40,84,21,14,6,5,31,1,1,0,1,2,1,11,9,7.09174203872681
850,43,113,26,12,7,3,28,1,0,0,1,1,2,8,12,6.74523639678955
1000,40,102,46,16,13,11,35,1,0,0,1,6,2,10,12,6.90775537490845
490,49,82,33,18,7,8,31,0,0,0,1,2,NA,12,9,6.1944055557251
1000,40,112,47,14,15,4,35,1,0,0,1,4,1,12,10,6.90775537490845
865,40,111,38,16,11,4,31,1,0,1,1,4,5,8,5,6.76272964477539
1375,40,96,24,13,3,3,30,1,0,0,1,3,1,11,8,7.22620916366577
1586,40,127,48,16,16,12,37,1,0,0,1,4,4,16,16,7.36897039413452
1602,65,97,47,15,14,14,37,1,0,0,1,1,1,8,NA,7.37900829315186
3078,65,120,50,14,12,13,36,1,0,1,1,1,2,12,NA,8.0320348739624
898,40,101,41,16,7,9,35,0,0,0,1,3,4,16,14,6.80016994476318
906,40,120,40,14,16,2,37,1,0,0,1,5,1,12,12,6.80903911590576
952,40,99,34,13,10,10,31,1,1,0,1,1,1,8,10,6.85856485366821
571,40,78,33,13,10,1,29,0,1,0,1,5,5,8,9,6.34738922119141
445,45,110,23,12,15,13,32,0,0,0,1,2,2,5,11,6.09807443618774
289,40,94,35,12,9,0,30,1,0,0,1,2,3,5,11,5.66642665863037
1444,40,120,50,16,12,15,37,1,0,0,1,1,2,17,13,7.27517223358154
962,55,108,45,12,19,21,36,1,0,0,1,3,1,8,8,6.86901426315308
1075,40,103,31,12,17,10,33,1,0,0,1,13,3,11,11,6.98007583618164
909,55,97,39,11,17,5,35,1,0,0,1,7,3,NA,NA,6.81234502792358
1250,40,106,36,12,14,19,35,1,0,0,1,4,1,11,13,7.13089895248413
620,40,99,22,11,10,5,29,1,1,0,1,11,5,NA,NA,6.4297194480896
1016,40,72,18,10,14,15,37,1,1,0,1,8,9,11,NA,6.92362880706787
800,40,88,29,10,21,14,37,1,1,0,1,8,1,11,8,6.68461179733276
1050,40,119,37,16,7,18,37,0,0,0,1,2,2,12,13,6.95654535293579
1079,50,87,33,12,18,9,36,1,0,0,1,5,5,8,NA,6.98378992080688
654,50,121,49,17,12,13,34,1,0,0,1,1,2,11,12,6.4831075668335
781,50,112,33,12,8,10,30,1,0,0,1,2,2,12,8,6.6605749130249
1038,48,103,36,15,8,2,36,1,0,1,0,2,1,12,15,6.9450511932373
1924,50,99,48,16,16,14,37,1,0,0,1,0,1,16,18,7.56216144561768
1202,40,101,40,15,15,17,37,1,0,0,1,3,2,12,12,7.09174203872681
666,70,117,34,15,8,2,32,1,0,0,1,0,1,NA,NA,6.50128984451294
905,45,109,41,14,11,14,36,1,0,0,1,3,4,8,8,6.80793476104736
890,70,73,46,12,6,8,31,1,0,0,1,3,1,12,12,6.79122161865234
817,40,116,27,16,10,7,31,1,0,1,0,1,2,16,16,6.70563888549805
812,40,98,42,12,10,2,29,0,0,0,1,3,2,12,12,6.6995005607605
577,60,104,43,14,6,2,30,1,0,1,1,2,3,14,12,6.35784244537354
756,40,78,29,14,9,2,31,1,0,0,1,2,2,12,12,6.62804126739502
1011,40,104,43,12,20,7,37,1,0,1,1,0,1,NA,NA,6.9186954498291
1155,45,85,39,12,14,1,34,1,0,0,1,2,1,12,12,7.05185556411743
1025,40,104,25,12,12,7,29,1,0,0,1,3,4,12,10,6.93244791030884
1350,40,107,37,12,17,12,35,1,0,0,0,2,3,NA,NA,7.20785999298096
1001,40,109,48,12,20,22,37,1,0,0,1,1,1,8,10,6.90875482559204
796,48,119,31,13,16,15,37,1,1,0,1,7,1,11,NA,6.67959928512573
1230,50,96,33,13,11,12,30,1,0,0,1,3,2,10,11,7.11476945877075
754,40,93,31,12,13,1,30,1,0,0,1,5,NA,NA,NA,6.6253924369812
714,40,90,32,12,17,1,37,1,0,0,0,5,3,12,12,6.57088279724121
1000,45,103,29,15,8,3,32,1,0,0,1,3,4,12,NA,6.90775537490845
2067,40,106,41,16,12,13,33,1,0,1,1,2,1,14,12,7.63385343551636
912,40,96,32,16,11,5,30,1,0,0,1,2,2,14,12,6.81563997268677
600,40,114,39,12,8,5,30,1,0,1,1,6,3,8,8,6.39692974090576
951,40,86,33,11,13,1,31,1,0,0,1,3,4,9,NA,6.85751390457153
711,45,110,38,16,8,5,32,1,0,1,1,3,2,13,12,6.56667232513428
1151,48,87,41,12,18,9,38,1,0,0,1,2,1,12,12,7.0483865737915
1000,40,89,31,12,9,5,28,1,0,0,1,2,3,13,12,6.90775537490845
841,44,106,40,12,15,10,31,1,0,0,1,5,6,8,NA,6.73459148406982
400,70,100,43,12,12,3,32,1,0,0,1,3,2,5,8,5.99146461486816
1175,45,111,38,12,17,14,34,1,0,0,1,0,1,16,4,7.06902360916138
1202,40,100,40,12,18,2,37,1,0,0,1,0,1,12,12,7.09174203872681
1442,40,114,38,12,16,17,33,1,0,0,1,2,3,12,10,7.2737865447998
538,55,98,45,18,5,1,34,1,0,0,1,2,2,13,NA,6.28785848617554
781,40,89,24,11,13,10,30,1,0,0,1,3,1,9,8,6.6605749130249
750,60,74,23,10,13,9,30,1,0,0,1,4,2,11,9,6.62007331848145
841,48,110,37,18,13,1,37,0,1,0,1,1,1,12,12,6.73459148406982
700,50,130,29,13,14,1,38,1,0,0,1,1,2,11,14,6.55108022689819
1346,50,108,51,16,9,4,36,1,0,0,1,1,2,12,10,7.20489263534546
800,45,98,31,12,16,12,33,1,0,0,0,3,4,10,8,6.68461179733276
1250,40,125,27,16,9,10,30,1,0,0,1,3,1,16,NA,7.13089895248413
1105,40,104,29,16,5,8,29,1,0,0,1,3,1,12,12,7.00760078430176
475,52,98,33,14,12,1,30,0,0,0,1,6,1,8,10,6.16331481933594
762,58,104,37,15,6,4,33,1,0,0,0,2,1,11,12,6.63594675064087
962,40,120,33,12,18,19,36,1,0,0,1,3,NA,8,8,6.86901426315308
721,40,134,38,13,9,9,30,0,0,1,1,3,3,8,8,6.58063936233521
800,50,92,28,9,18,13,34,1,0,0,1,0,1,8,8,6.68461179733276
658,40,129,34,16,11,9,30,1,0,0,1,2,1,13,16,6.48920488357544
1270,40,118,42,14,4,16,36,1,0,0,1,2,1,12,12,7.14677238464355
1313,40,107,37,12,11,7,28,1,0,0,0,1,NA,12,NA,7.18006992340088
824,42,92,37,12,19,15,38,1,0,0,1,1,1,12,11,6.71417045593262
1442,40,118,33,16,6,7,29,1,0,0,1,2,1,16,12,7.2737865447998
1400,42,108,38,17,7,3,31,1,0,0,1,2,1,12,14,7.24422740936279
1038,50,119,42,12,20,5,36,1,0,0,0,3,3,12,8,6.9450511932373
668,43,109,29,12,11,12,29,1,0,0,0,2,3,8,7,6.50428819656372
1100,40,91,41,12,18,10,36,1,0,0,0,2,3,8,8,7.00306558609009
1000,45,118,38,14,9,7,30,1,0,0,1,3,1,12,10,6.90775537490845
523,43,119,37,13,9,2,30,1,0,0,0,4,1,14,NA,6.25958156585693
1111,40,103,33,14,13,13,31,1,0,0,0,6,3,14,12,7.01301574707031
962,40,120,25,16,6,4,28,1,0,0,0,4,3,12,8,6.86901426315308
729,47,122,40,18,6,13,34,1,0,0,1,3,3,8,6,6.59167385101318
690,40,119,35,12,9,5,28,1,0,0,1,1,2,8,NA,6.53669166564941
1010,50,104,37,11,15,7,38,1,0,0,0,6,1,9,6,6.91770553588867
600,40,96,22,11,7,2,29,1,0,1,1,4,3,8,8,6.39692974090576
596,40,83,36,12,16,17,34,1,0,0,0,3,3,8,8,6.39024066925049
850,44,115,37,12,11,1,29,1,0,0,1,3,2,NA,NA,6.74523639678955
670,40,88,27,12,9,2,29,1,0,0,1,7,3,10,8,6.5072774887085
793,40,96,43,12,17,18,36,1,0,0,0,4,5,8,8,6.67582321166992
1442,40,123,42,17,14,7,38,1,0,1,0,2,3,12,6,7.2737865447998
670,50,108,43,12,14,8,34,1,0,1,1,5,1,11,7,6.5072774887085
876,45,116,35,16,10,8,29,1,0,0,1,2,1,12,12,6.77536630630493
841,40,109,45,18,13,2,36,1,0,0,0,3,4,16,12,6.73459148406982
975,40,97,39,13,8,0,31,1,0,0,1,3,1,12,12,6.88243770599365
1223,40,107,34,12,7,3,28,1,0,0,0,1,1,12,10,7.10906219482422
910,30,95,27,12,16,5,35,1,0,1,1,2,3,12,14,6.8134446144104
533,45,109,31,15,8,2,30,1,0,0,1,2,2,15,12,6.27852153778076
750,40,104,36,12,15,11,33,1,0,0,0,0,1,12,12,6.62007331848145
1206,40,110,37,12,16,4,38,1,0,0,1,1,1,12,12,7.09506416320801
745,40,94,40,13,17,1,36,0,0,0,0,2,3,13,8,6.61338424682617
900,40,103,38,12,15,1,37,1,0,1,0,3,3,8,6,6.80239486694336
1170,47,123,45,14,9,14,32,1,0,0,1,3,4,8,12,7.06475925445557
540,50,113,33,12,12,3,31,1,0,0,0,5,4,6,12,6.29156923294067
550,40,110,35,16,15,1,38,1,0,0,0,2,1,NA,NA,6.30991840362549
615,40,100,31,14,9,4,30,1,0,0,0,3,3,12,12,6.42162227630615
909,40,95,39,13,6,2,31,1,0,0,1,2,1,12,12,6.81234502792358
769,40,100,34,12,18,12,36,1,0,0,0,1,2,8,8,6.64509105682373
984,40,108,39,13,17,18,37,1,0,0,1,4,1,15,8,6.89162588119507
833,60,101,47,12,15,12,37,1,0,0,1,5,2,12,NA,6.7250337600708
879,70,90,43,12,17,10,35,0,0,0,1,1,2,12,16,6.77878475189209
1027,45,115,41,12,16,7,35,1,0,0,1,4,3,8,5,6.93439722061157
1000,55,114,41,16,10,1,33,1,0,1,0,0,1,NA,NA,6.90775537490845
465,43,84,33,13,10,1,29,1,0,0,1,3,3,11,11,6.1420373916626
1100,40,92,37,13,21,12,38,1,1,0,1,6,6,12,NA,7.00306558609009
641,45,125,44,14,9,0,37,1,0,0,1,1,1,12,11,6.46302938461304
1035,48,107,42,12,21,14,38,1,0,0,1,1,2,11,8,6.94215679168701
1212,40,129,33,14,9,3,32,0,0,0,1,6,7,8,9,7.10002708435059
950,40,98,40,12,11,6,30,1,0,0,1,3,4,12,12,6.85646200180054
938,44,108,41,12,19,20,38,1,0,0,1,0,1,8,NA,6.84375
1250,40,114,37,16,8,8,30,1,0,0,1,5,3,2,8,7.13089895248413
586,60,111,37,18,6,10,34,1,0,0,0,3,1,12,11,6.37331962585449
693,53,101,29,12,7,6,28,1,0,0,0,1,2,12,12,6.54102993011475
562,40,99,25,12,18,12,34,0,0,0,0,1,1,12,12,6.33150196075439
375,60,75,24,12,12,5,30,0,0,0,0,4,1,12,8,5.92692613601685
673,40,91,29,12,7,11,38,1,0,0,0,0,1,6,NA,6.51174545288086
654,50,113,38,17,1,13,33,1,0,0,0,1,1,12,10,6.4831075668335
692,50,120,34,12,17,7,35,1,0,0,0,3,4,8,NA,6.53958606719971
1111,40,98,32,14,10,1,29,1,0,0,1,3,1,12,15,7.01301574707031
1368,45,107,31,16,11,1,33,1,0,1,1,2,2,16,16,7.22110509872437
1282,45,121,39,18,7,13,32,1,0,0,1,2,2,12,12,7.15617656707764
1250,60,115,40,11,19,4,38,1,0,0,1,1,2,NA,NA,7.13089895248413
1346,40,134,42,15,15,7,35,1,0,0,1,2,1,12,10,7.20489263534546
1424,50,96,47,17,15,12,37,1,0,0,1,2,3,NA,NA,7.26122522354126
854,48,120,38,16,8,5,29,0,0,0,1,2,3,12,16,6.74993133544922
888,50,105,36,15,9,5,32,0,0,0,1,2,2,12,10,6.78897190093994
1161,50,121,40,12,5,10,34,1,0,0,1,5,6,10,NA,7.05703687667847
583,58,113,29,16,9,0,30,1,0,0,1,2,2,12,9,6.36818695068359
1260,45,106,37,12,5,3,29,1,0,0,1,2,1,12,13,7.13886690139771
947,48,104,41,18,8,13,35,1,0,0,0,3,2,9,12,6.85329914093018
1850,40,80,23,11,14,15,33,1,0,0,1,3,NA,10,10,7.52294111251831
1575,40,117,28,12,13,2,30,1,0,0,1,3,3,10,10,7.36201047897339
758,38,126,42,16,10,8,28,0,0,0,1,2,2,12,12,6.63068342208862
1442,40,112,42,12,19,15,36,1,0,0,1,3,2,10,8,7.2737865447998
489,55,104,47,13,20,4,38,1,0,1,1,2,2,NA,NA,6.1923623085022
1126,40,116,33,12,5,0,31,1,1,0,1,9,5,9,10,7.02642679214478
1000,40,70,18,12,12,5,32,0,1,0,1,6,NA,8,8,6.90775537490845
500,70,83,20,12,13,11,32,1,0,0,1,5,1,6,6,6.21460819244385
1200,50,84,13,12,13,9,32,1,0,0,1,5,2,6,6,7.09007692337036
565,45,82,30,10,15,3,33,1,0,0,0,4,4,NA,NA,6.33682584762573
1920,40,109,32,12,13,2,31,1,0,0,0,0,1,12,8,7.56008052825928
684,45,111,25,14,7,7,29,1,0,0,1,4,1,12,12,6.52795791625977
774,40,94,33,12,20,4,37,1,0,0,0,1,1,12,7,6.65157175064087
233,60,96,32,16,7,4,30,1,0,0,0,3,NA,12,8,5.4510383605957
975,40,101,33,13,12,10,30,1,0,0,0,3,3,12,13,6.88243770599365
1366,40,90,35,12,13,1,30,1,0,0,1,3,3,12,12,7.219642162323
2137,40,120,48,16,16,3,37,1,0,1,1,3,3,12,12,7.66715812683105
700,40,120,38,16,10,1,29,1,0,1,1,1,1,12,12,6.55108022689819
1200,40,108,29,12,16,11,33,1,0,0,1,3,2,8,NA,7.09007692337036
1161,40,99,43,13,16,18,36,1,0,0,1,0,1,12,8,7.05703687667847
729,60,80,31,11,16,15,34,1,0,0,1,6,1,12,6,6.59167385101318
750,45,93,45,11,17,2,36,1,0,0,1,1,2,10,5,6.62007331848145
1026,45,85,46,12,4,16,38,1,0,0,1,1,2,NA,NA,6.93342304229736
1111,45,118,43,15,11,3,32,1,0,0,1,3,1,11,10,7.01301574707031
625,50,115,31,12,12,8,31,1,0,0,1,2,3,12,NA,6.43775177001953
1200,42,119,28,16,11,5,30,1,0,0,1,5,1,10,11,7.09007692337036
1541,40,94,39,12,8,1,32,1,0,0,1,8,3,12,11,7.34018707275391
1154,40,109,42,16,12,9,34,1,0,0,1,0,1,13,16,7.05098962783813
310,40,104,37,13,10,0,33,0,0,0,0,2,1,14,8,5.736572265625
610,50,89,21,12,14,4,30,1,0,0,0,1,2,7,6,6.41345882415771
1749,43,101,28,12,16,17,36,1,0,0,0,2,2,12,8,7.46679925918579
1000,40,96,34,16,9,1,31,0,0,1,1,4,2,12,7,6.90775537490845
350,40,109,48,12,14,1,36,1,0,0,0,1,1,9,7,5.85793304443359
765,45,94,38,12,17,18,37,1,0,0,0,10,6,4,6,6.63987588882446
790,40,115,34,12,15,2,34,1,0,0,0,6,5,6,5,6.67203283309937
818,47,92,41,12,16,17,38,1,0,0,0,12,1,8,4,6.706862449646
477,60,71,32,9,12,1,30,1,0,0,0,4,2,11,5,6.16751670837402
938,50,130,39,14,15,1,33,1,0,0,0,3,1,12,11,6.84375
2099,55,119,38,16,10,4,32,1,0,0,1,0,1,12,12,7.64921617507935
350,40,74,24,12,14,3,32,1,0,0,1,4,2,10,13,5.85793304443359
940,48,104,25,12,13,0,32,1,1,0,1,7,2,12,8,6.84588003158569
1202,40,124,23,15,11,8,28,1,0,0,1,2,2,10,NA,7.09174203872681
450,40,94,29,15,9,4,31,1,0,0,0,1,1,12,NA,6.10924768447876
1058,40,120,44,16,16,13,37,1,0,0,0,5,4,12,4,6.96413564682007
1000,40,96,40,11,15,15,37,1,0,0,1,5,5,8,9,6.90775537490845
318,40,67,35,12,16,5,36,1,1,1,1,6,NA,7,5,5.76205158233643
556,40,69,26,11,13,9,34,0,1,0,1,3,NA,8,8,6.32076835632324
958,60,98,42,12,11,9,28,1,0,0,1,0,1,12,11,6.8648476600647
995,40,92,23,9,22,13,38,1,1,0,1,7,3,7,4,6.90274286270142
1600,50,109,44,14,16,5,33,1,0,0,0,2,NA,9,10,7.37775897979736
606,45,100,39,18,6,5,30,0,0,0,0,1,NA,12,12,6.40687990188599
511,45,101,25,12,13,1,30,1,0,0,1,4,2,11,12,6.23636960983276
1411,45,111,40,16,11,12,32,1,0,1,1,1,1,12,9,7.25205373764038
1346,40,106,38,16,15,11,37,1,0,0,1,1,1,8,14,7.20489263534546
1522,46,102,37,12,15,16,37,1,0,0,0,3,2,12,10,7.32778072357178
1075,40,115,28,14,9,10,30,1,0,0,0,2,1,12,10,6.98007583618164
1200,50,99,37,12,11,11,28,1,0,0,1,5,4,10,8,7.09007692337036
1377,37,118,48,16,15,1,36,1,0,0,1,2,2,11,10,7.22766256332397
874,55,132,37,13,8,2,33,1,0,0,0,2,1,13,16,6.77308034896851
625,40,108,26,13,11,9,30,1,0,0,1,3,NA,12,16,6.43775177001953
1250,32,98,40,12,17,2,33,1,0,0,1,0,1,14,10,7.13089895248413
1082,40,111,44,13,20,12,36,1,0,0,1,4,2,8,11,6.9865665435791
693,40,79,36,11,18,3,38,1,0,0,0,3,2,8,8,6.54102993011475
727,55,97,29,12,11,11,31,1,0,0,0,3,1,12,11,6.58892631530762
615,50,99,49,15,16,15,38,1,0,0,0,2,3,12,14,6.42162227630615
913,40,101,33,16,5,7,31,1,0,0,1,2,3,12,NA,6.81673574447632
884,46,120,45,17,4,10,36,1,0,0,0,2,1,12,18,6.78445720672607
698,43,97,33,12,10,4,29,1,0,0,1,2,3,8,8,6.54821920394897
800,55,106,34,12,17,18,36,1,0,0,0,3,3,8,12,6.68461179733276
812,40,131,44,16,9,3,30,0,0,0,0,1,1,12,12,6.6995005607605
1000,40,93,32,11,16,14,34,1,0,0,1,1,NA,12,8,6.90775537490845
549,49,79,23,12,11,3,32,0,0,0,0,4,2,8,8,6.30809831619263
1300,35,100,38,12,13,15,31,1,0,0,1,4,2,11,NA,7.17011976242065
923,50,107,30,16,9,8,33,1,0,0,1,6,4,9,8,6.82762908935547
1539,40,112,42,12,15,15,32,1,0,0,0,3,1,NA,10,7.33888816833496
721,40,105,22,12,11,9,30,1,0,0,0,3,2,12,10,6.58063936233521
815,40,114,25,12,15,14,31,1,0,0,0,2,1,12,10,6.70318794250488
600,80,116,36,12,20,2,38,1,0,0,0,10,10,8,NA,6.39692974090576
1100,40,104,41,12,18,7,37,1,0,0,1,2,3,11,13,7.00306558609009
1058,40,85,48,12,18,19,35,1,0,0,1,2,1,9,12,6.96413564682007
962,40,93,46,12,15,1,30,1,0,0,1,2,2,9,12,6.86901426315308
433,50,100,40,12,5,9,37,1,0,0,0,2,2,8,7,6.07073783874512
940,40,71,20,11,9,2,29,1,0,0,0,2,3,NA,NA,6.84588003158569
1417,38,88,36,16,9,10,32,0,0,0,1,2,1,12,12,7.25629711151123
1000,65,93,32,12,11,9,29,1,0,0,1,7,1,12,8,6.90775537490845
500,40,98,26,13,14,5,32,1,0,0,0,3,4,12,8,6.21460819244385
800,50,110,35,14,8,5,28,1,0,0,1,3,4,12,10,6.68461179733276
766,40,109,31,12,17,18,35,1,0,0,0,4,3,NA,6,6.64118194580078
750,43,94,38,14,12,10,33,1,0,0,0,1,1,11,12,6.62007331848145
550,40,77,36,12,15,2,37,1,0,0,0,6,3,8,8,6.30991840362549
795,52,89,35,11,16,4,34,1,0,0,1,6,1,NA,NA,6.67834234237671
723,40,102,44,12,12,10,30,1,0,0,1,10,6,12,6,6.58340930938721
1039,40,113,49,14,12,8,34,1,0,0,1,1,2,16,14,6.94601392745972
200,55,103,38,10,11,15,32,1,0,1,1,3,2,12,5,5.29831743240356
400,40,90,36,10,12,1,32,1,1,0,1,5,3,8,NA,5.99146461486816
575,40,96,31,11,17,1,35,1,0,1,1,2,1,12,7,6.3543701171875
850,40,97,35,11,16,5,37,1,0,1,1,1,1,12,6,6.74523639678955
508,50,87,35,12,16,1,32,1,1,1,1,2,1,10,NA,6.23048162460327
1162,45,89,39,12,11,4,37,1,0,1,1,3,3,15,NA,7.05789804458618
1199,43,70,28,13,13,5,30,1,1,1,1,3,1,8,NA,7.08924293518066
1270,40,104,34,16,8,4,31,1,0,1,1,3,4,16,17,7.14677238464355
350,45,116,36,16,5,3,33,1,0,1,1,2,2,11,12,5.85793304443359
963,40,85,32,14,9,9,28,1,1,1,1,5,1,7,NA,6.8700532913208
1463,45,104,47,15,14,11,37,1,0,1,1,3,4,12,12,7.28824424743652
802,40,99,26,12,13,12,29,1,1,1,1,8,6,9,12,6.68710851669312
642,45,93,18,12,12,7,30,1,1,1,1,1,2,6,6,6.4645881652832
751,40,114,37,13,9,2,28,1,0,1,1,2,2,12,10,6.62140560150146
488,40,103,40,17,5,3,31,1,0,1,1,1,NA,12,16,6.19031524658203
1400,40,92,34,12,15,5,36,1,0,1,1,2,1,6,2,7.24422740936279
940,45,98,41,18,10,7,31,1,0,1,1,2,2,8,12,6.84588003158569
866,40,114,48,13,15,16,37,1,0,1,1,3,1,12,NA,6.76388502120972
675,40,77,42,12,20,4,38,1,1,1,1,5,2,12,6,6.51471281051636
375,40,89,24,14,9,3,30,1,1,1,1,3,1,13,NA,5.92692613601685
325,40,93,44,14,10,1,33,1,1,1,1,1,NA,16,NA,5.78382539749146
346,40,110,37,12,16,17,38,1,0,1,1,2,NA,12,5,5.84643888473511
1442,40,132,39,17,8,1,33,1,0,1,1,3,1,8,12,7.2737865447998
560,49,112,37,16,13,2,32,1,0,1,0,3,1,8,2,6.32793664932251
550,56,99,42,12,17,11,36,1,0,1,1,1,2,12,12,6.30991840362549
950,44,96,26,16,8,10,32,1,1,1,1,1,2,10,NA,6.85646200180054
684,45,106,45,13,16,2,38,1,0,1,1,1,1,12,14,6.52795791625977
1322,40,128,43,16,7,1,33,1,0,1,1,0,1,18,NA,7.1869010925293
1634,40,95,48,12,18,3,38,1,0,1,1,3,3,NA,3,7.39878606796265
417,40,80,30,12,8,0,30,0,0,1,1,3,4,8,7,6.03308629989624
472,45,71,24,11,9,0,32,1,0,1,1,13,6,6,6,6.15697908401489
666,50,89,28,12,16,1,34,1,1,1,1,6,1,9,NA,6.50128984451294
1679,55,127,45,18,10,3,32,1,0,1,1,1,2,12,16,7.42595386505127
1039,40,114,43,16,1,9,31,0,0,1,1,6,5,8,8,6.94601392745972
1250,40,102,30,13,13,11,30,1,0,1,1,5,6,7,NA,7.13089895248413
760,40,88,34,12,12,15,31,1,0,1,1,2,1,12,7,6.63331842422485
1154,42,88,32,12,14,12,29,1,0,1,1,2,2,12,7,7.05098962783813
1602,60,110,45,15,14,1,37,1,0,0,1,5,1,14,12,7.37900829315186
1442,40,110,40,13,13,13,29,1,1,1,1,1,2,7,9,7.2737865447998
865,40,130,39,16,5,3,30,1,0,0,1,4,2,8,12,6.76272964477539
705,50,100,44,12,15,12,36,1,0,1,1,1,2,NA,NA,6.55819797515869
1000,40,101,36,12,16,1,35,1,0,1,1,1,1,12,NA,6.90775537490845
852,44,89,36,10,13,9,32,1,0,1,1,6,7,9,NA,6.74758672714233
770,40,80,25,12,16,14,35,1,0,0,1,1,2,12,12,6.64639043807983
1000,40,72,20,12,16,9,34,1,0,0,1,3,4,12,12,6.90775537490845
1329,55,115,56,18,10,5,36,1,0,0,1,1,1,12,12,7.1921820640564
1682,40,115,48,16,10,4,37,1,0,1,1,1,2,12,17,7.42773866653442
577,55,108,47,16,4,0,31,1,1,1,1,2,2,8,8,6.35784244537354
685,40,93,27,12,17,7,38,0,0,1,1,6,6,8,3,6.5294189453125
577,40,111,37,16,8,8,29,0,1,1,1,1,1,18,18,6.35784244537354
1040,40,101,38,12,19,9,38,1,1,1,1,6,1,11,12,6.94697618484497
1250,40,92,42,16,10,11,32,0,0,1,1,1,1,12,10,7.13089895248413
600,40,115,40,13,7,7,28,0,0,1,1,4,5,5,NA,6.39692974090576
480,40,76,29,12,17,3,35,0,1,1,1,8,5,11,10,6.17378616333008
1000,40,93,26,11,11,0,29,1,0,1,1,5,3,12,12,6.90775537490845
988,48,91,39,12,15,15,36,1,0,1,1,1,2,8,8,6.89568281173706
478,45,90,35,10,19,10,34,1,0,1,1,2,1,9,9,6.16961050033569
440,40,84,23,12,11,2,30,1,1,1,1,5,3,9,4,6.0867748260498
485,40,120,43,12,11,1,30,1,1,1,1,6,6,NA,NA,6.18414878845215
705,40,89,32,9,19,0,36,1,1,1,1,0,1,NA,NA,6.55819797515869
1550,40,104,47,12,16,1,34,1,0,1,0,8,4,9,10,7.34601020812988
960,40,107,23,12,11,9,29,1,1,1,1,11,2,6,9,6.86693334579468
1000,40,100,42,12,16,14,32,1,0,1,1,2,3,12,12,6.90775537490845
625,40,129,40,18,4,5,36,1,0,1,0,3,1,15,15,6.43775177001953
1346,40,112,39,16,14,14,35,1,0,0,1,0,1,12,16,7.20489263534546
961,40,76,17,12,13,13,31,0,1,0,1,13,5,NA,8,6.86797428131104
479,40,97,45,12,15,1,38,1,0,1,0,3,4,NA,NA,6.1717004776001
1201,50,98,38,11,17,16,36,1,0,1,0,4,5,11,2,7.09090995788574
1346,45,60,34,16,8,2,31,1,0,1,1,2,3,NA,NA,7.20489263534546
1122,35,132,45,18,13,8,32,1,0,1,1,2,3,12,7,7.02286815643311
543,45,90,31,14,5,7,38,1,1,1,1,1,2,6,NA,6.29710912704468
450,40,63,26,11,12,4,31,1,1,1,1,7,2,7,NA,6.10924768447876
507,55,110,36,14,10,4,32,1,0,1,1,2,2,13,16,6.22851085662842
547,60,88,38,11,17,5,34,1,0,1,1,4,5,NA,NA,6.30444860458374
586,56,98,41,11,18,16,35,1,0,1,1,2,2,NA,6,6.37331962585449
462,55,61,24,12,6,4,29,1,1,1,0,9,NA,8,3,6.13556480407715
705,40,76,32,12,13,8,37,1,1,0,1,5,NA,NA,NA,6.55819797515869
1566,40,127,44,12,7,1,29,1,0,0,1,3,2,11,NA,7.3562798500061
1634,40,94,39,13,18,18,36,1,0,1,1,2,2,8,8,7.39878606796265
1282,45,97,48,16,4,1,32,1,0,0,1,11,3,16,16,7.15617656707764
556,40,127,44,16,6,2,31,1,1,1,1,2,1,12,12,6.32076835632324
1200,40,109,42,15,7,8,33,1,0,0,1,2,1,11,12,7.09007692337036
855,45,89,21,12,6,6,31,1,0,1,0,4,3,3,3,6.75110149383545
1053,40,90,33,12,18,7,37,1,0,1,0,1,1,11,11,6.95939874649048
1000,48,105,39,12,11,4,28,1,0,1,0,0,1,12,7,6.90775537490845
900,55,100,27,12,18,5,34,0,0,0,1,2,2,8,NA,6.80239486694336
1602,45,111,40,16,10,10,31,1,0,1,0,1,NA,16,12,7.37900829315186
508,50,125,44,17,9,2,31,1,0,1,1,3,1,16,13,6.23048162460327
1500,60,124,20,16,6,6,29,1,0,1,0,2,NA,12,10,7.31322050094604
1682,50,107,41,14,15,9,32,1,0,1,1,0,1,12,12,7.42773866653442
750,40,110,45,13,13,1,35,1,0,1,1,2,NA,12,16,6.62007331848145
843,40,102,32,14,8,7,29,1,0,1,0,1,1,16,16,6.73696708679199
409,40,93,26,12,17,18,38,0,0,1,0,0,1,NA,NA,6.0137152671814
1004,40,81,36,12,17,15,34,1,0,1,0,1,1,12,NA,6.91174745559692
650,40,99,36,12,13,10,30,1,0,1,0,1,2,12,10,6.47697257995605
808,40,93,26,12,17,9,37,1,1,1,0,4,1,NA,NA,6.69456195831299
2137,45,102,35,13,8,2,30,1,0,1,0,0,1,12,12,7.66715812683105
761,48,95,44,12,14,21,38,1,0,1,1,1,1,12,5,6.63463354110718
769,40,98,37,16,8,3,35,0,0,1,1,0,1,11,8,6.64509105682373
345,40,84,28,12,7,8,31,1,1,1,1,2,2,NA,NA,5.84354448318481
495,40,88,30,12,6,10,31,1,0,1,1,2,1,NA,7,6.2045578956604
987,38,109,41,16,9,3,31,1,0,1,1,3,4,4,NA,6.89467000961304
2500,60,82,41,12,21,1,38,1,0,1,0,3,3,8,5,7.82404613494873
1098,45,105,22,14,6,1,32,0,0,1,1,1,2,12,NA,7.00124549865723
1212,40,95,36,12,6,16,38,1,0,1,0,3,1,12,8,7.10002708435059
577,40,92,33,15,8,1,28,1,1,1,1,1,2,10,7,6.35784244537354
390,59,74,26,15,10,3,30,1,1,1,1,3,3,7,6,5.96614694595337
1500,40,123,43,16,9,12,32,1,0,1,1,1,1,12,14,7.31322050094604
583,80,86,24,12,9,1,30,1,0,1,1,2,2,12,12,6.36818695068359
460,40,92,22,11,16,1,36,1,0,1,1,5,6,NA,NA,6.13122653961182
945,40,87,41,12,12,13,38,1,0,1,1,2,2,8,NA,6.8511848449707
1442,60,117,39,16,9,3,31,1,0,1,1,1,2,12,10,7.2737865447998
1333,45,112,50,16,14,8,38,1,0,1,1,1,2,12,4,7.19518709182739
1500,37,119,41,15,8,5,33,0,0,0,1,1,1,12,18,7.31322050094604
1333,45,103,30,16,7,1,34,1,0,0,1,3,1,NA,NA,7.19518709182739
700,40,74,29,12,16,4,36,1,1,1,1,3,NA,9,NA,6.55108022689819
973,36,81,33,13,11,5,32,1,0,1,1,0,1,6,9,6.88038396835327
2162,40,124,48,18,10,8,32,1,0,1,1,1,1,10,10,7.67878913879395
797,41,89,38,12,10,7,36,1,0,1,0,1,2,7,8,6.68085479736328
400,40,88,34,12,14,1,32,1,1,1,1,7,7,7,6,5.99146461486816
1015,40,67,31,12,15,11,32,1,1,0,1,3,2,9,5,6.92264366149902
1744,43,106,41,16,8,9,29,1,0,1,1,1,1,12,16,7.4639368057251
630,40,103,30,15,14,2,32,1,0,1,0,0,1,11,5,6.44571971893311
445,40,91,40,12,11,4,32,1,0,1,0,0,1,6,8,6.09807443618774
660,42,101,34,16,12,9,31,1,0,1,1,0,1,12,12,6.4922399520874
779,40,85,30,12,14,7,37,1,1,1,1,7,4,12,NA,6.65801095962524
377,40,83,32,12,9,1,36,0,0,1,1,1,1,12,12,5.9322452545166
560,44,70,34,12,16,11,35,1,1,1,1,2,1,8,NA,6.32793664932251
1122,60,102,54,17,7,13,32,1,0,1,1,2,2,12,11,7.02286815643311
453,50,94,34,12,9,2,30,1,0,1,0,6,4,7,7,6.11589193344116
1386,40,97,38,10,17,9,37,1,0,1,1,1,2,12,8,7.23417711257935
1539,40,115,38,17,7,9,31,1,0,1,1,2,1,12,16,7.33888816833496
1154,40,117,38,16,11,12,35,1,0,1,1,5,5,17,18,7.05098962783813
962,50,105,45,14,15,2,37,1,0,1,1,3,4,8,4,6.86901426315308
722,55,113,36,16,8,1,38,0,0,1,1,1,2,8,NA,6.58202505111694
480,40,83,37,12,9,3,37,1,0,1,1,4,3,10,11,6.17378616333008
808,50,101,44,18,8,9,38,1,0,1,0,3,2,17,12,6.69456195831299
1442,40,113,36,13,14,8,36,1,0,1,1,2,1,12,12,7.2737865447998
1091,50,88,31,13,13,4,37,1,0,0,1,4,1,12,NA,6.99485015869141
350,40,93,41,12,16,0,33,0,1,1,1,1,1,12,NA,5.85793304443359
500,40,83,39,12,18,11,36,1,1,1,1,0,1,7,NA,6.21460819244385
1026,45,113,27,16,9,13,30,1,0,1,1,2,2,16,14,6.93342304229736
577,40,106,43,17,11,7,33,0,1,1,1,3,2,13,16,6.35784244537354
1333,60,106,38,15,5,1,30,1,0,1,1,2,2,12,12,7.19518709182739
915,55,114,36,12,17,9,37,1,0,0,1,1,NA,10,NA,6.81892395019531
1105,40,119,32,16,9,10,30,0,0,1,1,5,1,11,10,7.00760078430176
910,40,82,26,14,5,5,30,1,1,1,1,10,NA,9,3,6.8134446144104
1000,40,89,40,12,17,8,38,1,0,1,1,7,7,1,4,6.90775537490845
1160,40,74,18,12,14,1,33,1,1,1,1,9,6,3,4,7.05617523193359
1001,34,77,22,12,12,3,29,1,1,1,1,9,8,3,4,6.90875482559204
713,40,75,25,12,5,12,36,1,1,1,1,7,4,NA,NA,6.56948137283325
929,40,97,28,13,12,5,30,1,0,1,1,2,1,12,12,6.83410882949829
400,50,68,35,12,4,9,31,1,1,1,1,6,1,6,2,5.99146461486816
1241,40,83,51,13,9,10,33,1,0,1,1,2,3,12,12,7.12367296218872
1065,40,97,40,12,21,10,36,1,0,1,1,1,1,12,NA,6.97073030471802
403,45,98,37,12,5,3,30,1,0,1,1,2,NA,12,12,5.99893665313721
940,45,102,30,13,15,12,30,1,1,1,1,2,2,NA,NA,6.84588003158569
812,40,81,20,10,17,13,34,1,1,1,1,2,2,8,3,6.6995005607605
700,20,85,27,10,13,0,35,1,1,1,1,3,NA,6,10,6.55108022689819
575,40,86,20,10,12,6,33,1,1,1,1,8,NA,NA,NA,6.3543701171875
450,40,79,23,10,20,5,36,1,1,1,1,7,6,12,12,6.10924768447876
621,43,84,24,12,14,10,31,1,0,1,0,4,3,8,6,6.43133115768433
441,38,74,24,12,12,11,30,1,0,1,0,4,4,8,6,6.08904504776001
625,40,92,25,16,6,9,33,1,1,1,0,11,1,NA,NA,6.43775177001953
726,45,93,32,12,16,5,36,1,0,1,0,5,2,6,NA,6.58755016326904
500,40,69,18,9,21,13,38,1,1,1,1,8,6,6,NA,6.21460819244385
1000,44,113,41,17,8,2,34,1,0,1,1,4,1,17,18,6.90775537490845
393,48,92,37,12,15,16,38,1,0,1,1,1,1,8,7,5.97380971908569
600,40,127,44,12,8,3,28,0,0,1,0,2,2,9,12,6.39692974090576
962,50,109,44,12,21,12,37,1,0,1,0,0,1,6,NA,6.86901426315308
962,40,97,42,12,15,4,34,1,0,1,0,5,1,10,8,6.86901426315308
865,40,66,30,11,10,7,30,1,0,0,1,14,4,0,10,6.76272964477539
1154,50,109,46,16,10,3,35,1,0,1,1,2,1,16,14,7.05098962783813
1386,42,109,43,16,10,11,34,1,0,1,0,1,1,4,14,7.23417711257935
732,40,104,36,12,10,7,36,1,0,1,1,1,2,NA,NA,6.59578037261963
865,40,85,44,13,4,9,34,1,0,1,1,3,3,8,8,6.76272964477539
700,40,81,26,12,13,13,31,1,0,1,0,5,6,8,4,6.55108022689819
975,40,87,12,9,20,10,37,1,0,1,0,3,NA,5,4,6.88243770599365
1300,40,78,40,13,12,3,33,1,0,1,1,2,3,12,12,7.17011976242065
900,40,54,37,14,12,3,31,1,0,1,1,2,1,12,12,6.80239486694336
829,40,98,33,12,15,15,36,1,0,0,1,4,5,8,8,6.72022008895874
1000,40,98,34,12,17,13,36,1,0,1,1,3,NA,12,NA,6.90775537490845
827,40,105,29,16,7,8,30,1,0,0,1,2,1,16,12,6.71780490875244
500,44,87,25,13,5,2,31,1,0,1,1,7,NA,12,NA,6.21460819244385
1155,40,117,25,13,9,1,28,1,0,0,1,3,2,12,12,7.05185556411743
950,55,85,30,15,8,3,29,0,0,0,1,2,NA,12,12,6.85646200180054
700,40,82,35,13,10,4,30,1,0,0,1,4,5,8,NA,6.55108022689819
1710,45,114,39,18,7,6,32,1,0,0,1,1,1,12,NA,7.44424867630005
533,30,65,21,12,5,1,32,0,1,0,1,5,1,11,12,6.27852153778076
2004,48,105,48,18,10,0,34,1,0,0,1,2,1,12,12,7.60290050506592
890,60,92,20,14,9,8,32,1,0,0,1,1,2,7,7,6.79122161865234
3078,30,107,23,13,11,4,29,1,0,0,1,2,2,12,12,8.0320348739624
1539,40,111,41,17,10,13,37,1,0,0,1,3,2,12,16,7.33888816833496
508,40,73,38,12,1,1,31,1,1,0,1,1,NA,NA,NA,6.23048162460327
1354,40,119,49,17,13,9,35,0,0,0,0,2,1,16,16,7.21081829071045
1143,35,97,40,12,21,8,38,1,0,0,1,5,1,12,12,7.04141187667847
962,40,110,34,12,16,8,33,1,0,0,1,2,1,10,10,6.86901426315308
1250,44,96,32,12,19,20,38,1,0,0,1,2,1,12,12,7.13089895248413
990,40,67,23,12,16,3,34,1,1,0,1,2,1,8,8,6.897705078125
905,40,102,31,12,17,4,37,1,0,0,0,5,5,12,12,6.80793476104736
926,55,64,22,12,18,0,38,1,0,0,1,4,5,0,2,6.8308744430542
1559,40,103,32,12,17,10,34,1,0,0,1,3,4,8,8,7.35179996490479
1312,40,118,39,10,14,4,32,1,0,0,1,0,1,12,8,7.17930793762207
923,40,118,36,14,8,16,35,1,1,0,1,5,1,7,NA,6.82762908935547
879,40,118,41,18,1,9,31,1,0,0,1,1,2,13,13,6.77878475189209
800,25,75,37,13,14,1,38,1,0,1,1,0,1,12,10,6.68461179733276
1049,50,112,45,14,6,10,32,1,0,0,0,3,3,12,10,6.9555926322937
550,40,95,20,12,4,1,30,0,0,0,0,3,4,12,10,6.30991840362549
1190,40,119,38,17,4,2,34,1,0,0,1,0,1,12,14,7.0817084312439
583,48,94,35,14,10,6,37,1,0,0,0,2,1,12,12,6.36818695068359
1200,40,103,27,14,5,2,30,1,0,0,1,1,1,6,7,7.09007692337036
797,55,90,36,16,11,5,33,1,0,0,1,5,2,14,17,6.68085479736328
1371,40,128,50,18,8,13,36,1,0,0,0,1,2,16,12,7.22329568862915
360,55,110,44,13,11,1,38,0,1,0,1,4,NA,12,8,5.88610410690308
1270,40,84,40,12,11,12,30,1,0,0,1,2,2,12,12,7.14677238464355
1832,40,97,38,12,16,1,36,1,0,0,1,1,2,8,12,7.51316356658936
909,40,102,34,12,14,5,33,1,0,0,1,3,3,12,7,6.81234502792358
1746,40,131,41,18,9,10,33,1,0,0,1,7,3,12,12,7.46508264541626
520,40,126,23,16,8,1,30,1,0,0,1,7,5,12,12,6.25382900238037
808,40,107,32,16,6,7,29,1,0,0,0,7,6,12,12,6.69456195831299
2137,45,108,45,16,11,2,36,1,0,0,1,2,3,12,NA,7.66715812683105
692,50,92,49,15,9,3,38,1,1,0,1,0,1,8,8,6.53958606719971
931,80,108,40,16,4,1,36,1,0,0,1,4,2,12,12,6.83625936508179
812,45,115,46,16,11,3,34,1,0,0,1,1,2,12,8,6.6995005607605
866,40,111,44,14,16,14,35,1,0,0,1,1,1,12,12,6.76388502120972
1442,40,115,47,12,14,9,36,1,0,0,1,7,5,12,12,7.2737865447998
500,40,101,31,14,12,0,32,1,0,0,0,2,2,11,6,6.21460819244385
1384,50,114,48,18,12,2,37,1,0,0,1,1,1,12,13,7.23273324966431
528,55,116,40,18,5,9,30,1,0,0,1,4,5,12,12,6.26909637451172
881,40,90,41,12,4,14,36,1,0,0,0,2,3,12,NA,6.78105783462524
1026,45,125,33,12,11,11,28,1,0,0,1,3,1,14,17,6.93342304229736
1212,40,98,26,12,11,12,28,0,0,0,1,4,NA,12,10,7.10002708435059
1620,38,111,42,15,8,5,29,1,0,0,0,1,2,10,NA,7.39018154144287
1843,48,109,38,16,11,2,32,1,0,0,1,3,2,12,NA,7.51914978027344
1602,60,124,36,16,12,2,37,1,0,0,1,1,2,12,12,7.37900829315186
1000,40,121,35,13,6,1,33,1,0,0,1,2,2,8,14,6.90775537490845
737,48,103,37,12,7,4,30,1,0,0,1,4,4,10,NA,6.60258769989014
1699,40,96,19,12,10,1,29,0,0,1,1,2,3,12,12,7.43779516220093
1699,40,100,40,12,11,9,33,1,0,0,1,1,2,12,8,7.43779516220093
1025,48,104,30,14,6,5,32,1,0,0,1,2,3,NA,12,6.93244791030884
1107,40,112,38,12,12,5,38,1,0,0,1,5,3,11,12,7.00940895080566
625,40,73,24,11,1,1,31,1,0,0,1,3,4,12,12,6.43775177001953
720,50,101,39,13,1,7,29,1,0,0,1,4,2,11,11,6.57925128936768
855,40,99,44,12,19,10,36,1,0,0,1,1,2,12,12,6.75110149383545
1250,40,95,23,12,12,2,32,1,0,0,1,2,2,12,12,7.13089895248413
1130,40,109,40,18,4,13,38,1,0,0,0,1,2,18,15,7.02997303009033
900,40,110,35,12,6,1,28,0,0,0,1,1,NA,13,13,6.80239486694336
1924,50,98,49,17,6,7,38,1,0,0,1,1,1,4,NA,7.56216144561768
962,40,112,46,15,8,2,37,1,0,0,1,2,1,12,16,6.86901426315308
1874,48,64,37,11,22,3,38,1,1,0,1,7,NA,NA,NA,7.5358304977417
1573,55,90,28,12,5,3,30,1,0,0,1,4,3,11,8,7.36073970794678
940,45,102,46,14,11,7,36,1,0,0,1,1,2,12,10,6.84588003158569
900,40,119,39,16,8,9,30,1,0,0,0,1,2,12,12,6.80239486694336
882,44,96,34,12,15,13,31,1,0,0,0,6,3,8,10,6.78219223022461
1710,45,118,40,18,12,12,38,1,0,0,1,1,1,12,12,7.44424867630005
1260,45,79,39,12,19,15,37,1,0,0,0,3,2,9,8,7.13886690139771
751,40,96,42,12,9,7,38,1,0,0,0,1,1,10,8,6.62140560150146
1097,50,80,27,11,12,12,28,1,0,0,0,5,1,12,11,7.0003342628479
1001,48,137,36,13,11,11,33,1,0,0,0,5,6,12,NA,6.90875482559204
1154,40,116,42,15,11,12,34,0,0,0,0,2,1,12,9,7.05098962783813
1000,43,69,31,12,15,16,35,1,0,0,1,4,4,12,8,6.90775537490845
1250,40,78,36,12,16,3,33,1,0,0,1,9,NA,6,2,7.13089895248413
857,65,99,41,12,18,3,38,1,0,1,1,2,1,8,8,6.75343799591064
1211,27,92,33,12,13,3,31,1,0,0,1,3,2,16,12,7.09920167922974
937,32,113,23,16,12,7,29,1,0,0,1,3,NA,16,12,6.8426833152771
904,50,98,29,13,7,1,33,1,0,0,1,5,NA,12,NA,6.80682945251465
872,45,115,30,15,7,4,29,1,0,0,1,3,1,12,18,6.7707896232605
1200,40,96,26,9,18,0,34,1,0,0,1,4,3,NA,8,7.09007692337036
1261,40,117,41,17,1,9,35,1,0,0,1,4,1,6,8,7.13966035842896
950,40,96,38,12,14,2,35,1,0,0,1,1,1,8,2,6.85646200180054
115,50,108,46,12,9,3,29,1,0,0,1,5,6,10,11,4.74493217468262
673,40,92,34,17,6,4,31,1,0,0,1,5,5,16,12,6.51174545288086
1084,45,95,38,15,17,10,37,1,0,0,1,1,2,16,16,6.98841333389282
1058,40,94,40,14,13,14,34,1,0,0,1,0,1,15,9,6.96413564682007
800,40,115,38,12,20,12,38,1,0,0,0,7,6,7,8,6.68461179733276
369,40,117,36,18,11,1,31,0,0,0,0,3,4,NA,NA,5.91079664230347
1924,40,105,42,16,14,13,36,1,0,0,0,0,1,12,NA,7.56216144561768
855,40,109,36,12,17,15,36,1,0,0,0,3,1,7,6,6.75110149383545
864,40,87,38,12,15,6,31,1,0,0,0,1,1,12,12,6.76157283782959
1092,44,110,34,16,15,13,36,1,0,0,1,4,4,13,13,6.99576616287231
1025,40,110,30,16,9,4,30,1,0,0,0,3,NA,10,12,6.93244791030884
850,35,109,32,12,11,2,31,1,0,0,0,2,2,17,NA,6.74523639678955
673,40,85,21,12,17,10,35,1,0,0,0,2,2,12,12,6.51174545288086
800,40,105,42,14,12,12,37,1,0,0,0,3,2,10,12,6.68461179733276
1049,44,122,39,16,7,3,33,1,0,0,0,3,3,10,12,6.9555926322937
884,40,108,40,17,9,11,35,1,0,0,1,3,2,14,9,6.78445720672607
800,40,122,38,16,10,2,31,0,0,1,1,3,3,12,8,6.68461179733276
1200,40,79,32,17,9,9,32,1,0,0,1,0,1,8,8,7.09007692337036
664,40,105,30,12,8,10,29,1,0,0,1,7,6,12,12,6.49828195571899
1111,45,90,47,12,18,18,37,1,0,0,1,6,3,NA,NA,7.01301574707031
850,43,111,38,16,8,8,34,1,0,0,1,4,2,NA,NA,6.74523639678955
1000,40,110,42,12,6,12,37,1,0,0,1,5,2,8,12,6.90775537490845
875,40,92,32,12,8,4,29,0,0,0,1,4,NA,14,14,6.77422380447388
1202,40,131,32,16,10,2,33,1,0,0,0,3,2,12,12,7.09174203872681
666,40,104,32,12,10,2,29,1,0,0,0,2,3,12,12,6.50128984451294
923,40,110,39,16,15,11,37,1,0,0,0,2,1,12,7,6.82762908935547
788,40,99,20,12,10,10,28,1,0,1,1,4,5,10,3,6.66949796676636
950,40,86,31,10,23,5,38,1,0,1,1,9,9,NA,6,6.85646200180054
1442,40,105,42,12,9,16,37,1,0,1,1,3,4,NA,NA,7.2737865447998
866,40,85,26,12,11,12,30,1,1,1,0,8,5,6,0,6.76388502120972
625,40,72,34,9,17,5,34,1,0,1,0,10,7,4,NA,6.43775177001953
680,40,86,35,12,13,9,32,0,0,1,0,6,1,6,7,6.52209281921387
693,40,68,38,12,11,19,35,1,0,1,0,5,2,12,8,6.54102993011475
875,36,95,22,12,16,2,38,0,1,1,0,8,9,6,NA,6.77422380447388
2308,40,116,42,17,8,2,38,1,0,0,0,6,1,12,13,7.74413681030273
1196,45,96,45,14,10,4,32,1,0,1,0,2,3,10,6,7.08673810958862
700,38,85,36,12,13,8,32,1,1,1,1,6,NA,2,8,6.55108022689819
721,40,100,32,12,8,8,29,1,0,1,1,3,2,12,4,6.58063936233521
1500,40,101,38,13,13,2,32,1,0,1,1,5,3,12,8,7.31322050094604
1050,50,97,31,15,4,9,31,1,1,1,1,2,1,16,9,6.95654535293579
801,48,100,30,14,6,10,29,1,1,1,1,2,1,NA,NA,6.68586111068726
640,23,96,39,12,7,3,31,0,1,1,1,5,NA,NA,NA,6.46146821975708
1198,32,117,39,16,7,9,30,1,0,1,1,1,2,12,12,7.08840894699097
390,55,93,38,12,4,2,32,1,0,1,1,1,NA,16,13,5.96614694595337
889,36,116,37,12,12,11,28,1,0,1,1,1,2,9,12,6.7900972366333
1076,38,106,42,12,19,20,36,1,0,1,1,1,1,12,9,6.98100566864014
1127,40,98,45,12,17,12,36,1,0,1,1,1,2,14,12,7.02731466293335
750,50,103,36,15,1,1,37,1,0,1,0,1,1,12,9,6.62007331848145
855,40,118,41,14,6,14,33,1,0,1,0,3,1,NA,12,6.75110149383545
525,40,100,22,13,5,1,31,1,0,1,0,1,1,10,12,6.26339817047119
1104,54,96,39,12,11,4,29,1,0,1,0,1,2,10,12,7.00669527053833
553,40,67,22,12,11,10,30,1,1,1,0,7,2,8,9,6.31535816192627
800,43,96,27,12,10,1,29,1,0,1,0,1,1,10,10,6.68461179733276
1384,50,104,42,13,8,7,31,1,0,1,0,3,1,13,14,7.23273324966431
425,30,106,34,17,8,0,36,0,0,1,0,0,1,14,12,6.05208921432495
510,54,62,34,11,13,4,33,0,1,1,1,7,6,2,10,6.23441076278687
370,32,73,31,12,13,2,31,1,1,1,0,9,2,3,4,5.91350317001343
596,40,62,26,12,16,14,33,1,1,1,0,9,8,2,8,6.39024066925049
402,40,76,28,12,9,4,28,1,1,0,1,4,2,NA,10,5.99645185470581
418,40,76,26,12,12,2,31,1,1,1,0,0,1,9,10,6.03548145294189
1133,40,106,44,16,13,10,36,1,0,1,0,1,1,12,NA,7.03262424468994
681,40,94,24,12,18,15,35,0,0,1,1,4,NA,9,10,6.52356243133545
950,40,81,29,11,16,5,35,1,0,1,0,3,4,10,6,6.85646200180054
600,40,87,15,10,20,7,36,1,0,1,0,0,1,5,6,6.39692974090576
661,40,96,25,13,8,6,29,0,0,1,0,3,2,NA,5,6.4937539100647
925,40,75,27,12,12,9,30,1,0,1,0,2,2,6,NA,6.82979393005371
550,40,95,34,12,14,13,31,1,0,1,0,0,1,5,5,6.30991840362549
606,40,86,19,11,13,11,30,1,0,1,0,4,4,3,7,6.40687990188599
425,40,86,17,10,7,1,30,1,0,1,0,4,4,3,7,6.05208921432495
340,50,104,41,14,4,1,31,1,0,1,1,5,3,8,18,5.82894563674927
692,50,95,21,12,16,9,34,1,0,1,1,2,2,7,5,6.53958606719971
575,40,116,37,12,11,9,29,1,0,1,0,1,2,8,12,6.3543701171875
571,40,66,20,9,15,10,33,1,0,1,0,5,1,8,6,6.34738922119141
817,40,101,38,16,11,9,32,1,0,1,1,1,2,0,5,6.70563888549805
987,40,96,23,12,11,5,29,1,0,1,0,1,2,12,12,6.89467000961304
616,55,104,41,12,16,18,35,1,0,1,1,4,5,9,NA,6.42324686050415
1026,60,105,34,16,12,1,35,1,0,0,1,3,1,14,10,6.93342304229736
808,40,106,34,12,4,3,29,1,0,0,1,1,2,8,7,6.69456195831299
808,50,101,34,17,8,0,30,1,0,1,1,1,2,15,15,6.69456195831299
788,40,96,42,12,13,5,36,1,0,1,1,4,1,12,12,6.66949796676636
850,40,105,34,12,6,2,33,1,0,0,1,1,1,12,9,6.74523639678955
900,38,106,40,12,10,19,38,1,0,1,1,7,NA,3,2,6.80239486694336
1418,45,102,44,12,19,20,36,1,0,1,1,2,3,8,8,7.25700283050537
260,40,75,35,12,21,0,37,1,1,1,0,3,3,NA,NA,5.56068181991577
662,45,99,27,14,7,2,28,1,1,1,0,6,1,5,5,6.4952654838562
562,55,90,46,13,4,1,38,1,0,1,0,1,1,12,11,6.33150196075439
562,80,104,30,12,11,5,28,1,0,1,0,1,NA,12,12,6.33150196075439
357,70,115,37,13,5,2,30,1,0,1,1,6,7,NA,NA,5.87773561477661
1009,40,118,37,16,11,12,32,1,0,1,0,0,1,12,10,6.91671514511108
1442,40,108,40,12,17,17,36,1,0,1,1,1,1,9,12,7.2737865447998
651,40,76,30,11,11,2,29,1,1,0,1,7,7,10,11,6.47850942611694
750,40,50,28,12,14,5,32,1,1,1,0,10,NA,3,NA,6.62007331848145
754,40,55,23,12,13,14,33,1,1,1,0,2,1,10,NA,6.6253924369812
700,40,73,23,12,17,9,38,1,1,1,0,8,3,NA,NA,6.55108022689819
503,40,84,14,11,11,2,30,0,1,0,1,3,NA,9,9,6.22059011459351
937,40,104,37,12,14,15,32,1,0,1,0,1,2,12,9,6.8426833152771
624,40,92,40,10,18,10,36,1,0,1,0,2,3,10,6,6.43615055084229
750,40,83,27,12,4,10,32,1,1,1,0,7,1,10,6,6.62007331848145
900,40,98,36,14,1,8,30,1,1,1,0,7,2,10,6,6.80239486694336
540,40,70,25,10,12,10,29,1,1,1,0,9,NA,10,7,6.29156923294067
642,35,87,26,13,9,3,30,1,0,1,0,10,10,4,10,6.4645881652832
400,50,96,38,15,6,10,28,0,0,1,0,5,NA,12,NA,5.99146461486816
900,40,80,34,10,15,14,38,1,0,1,0,3,3,12,10,6.80239486694336
513,40,104,40,16,8,10,33,1,0,1,0,5,2,12,10,6.24027585983276
894,40,104,35,18,7,10,35,1,0,1,0,7,8,9,8,6.79570579528809
1282,60,96,24,18,7,5,32,1,0,1,1,4,2,12,18,7.15617656707764
485,40,89,24,12,10,9,30,0,0,1,0,4,3,12,18,6.18414878845215
325,55,113,39,12,11,5,29,1,0,1,0,1,2,10,13,5.78382539749146
769,45,105,29,12,16,5,33,1,0,1,0,4,1,7,7,6.64509105682373
618,40,84,39,14,6,8,31,0,0,1,1,7,8,7,4,6.42648839950562
1040,48,108,36,12,16,17,35,1,0,1,1,6,7,7,3,6.94697618484497
751,40,104,32,12,15,4,34,1,0,1,1,4,3,8,3,6.62140560150146
380,50,106,28,12,15,11,30,1,0,1,0,2,1,7,7,5.94017124176025
300,24,83,45,12,16,3,37,1,1,1,1,4,1,3,NA,5.70378255844116
753,46,70,34,10,21,7,38,1,0,1,1,4,2,12,7,6.62406539916992
1065,65,104,39,16,10,11,34,1,0,1,1,2,3,11,12,6.97073030471802
1070,40,91,42,12,13,1,30,1,0,0,1,1,2,14,12,6.97541379928589
1573,55,112,42,18,7,8,34,1,0,1,1,1,1,14,18,7.36073970794678
650,40,97,27,10,14,9,30,1,0,1,0,5,1,12,9,6.47697257995605
700,45,99,40,12,15,7,32,1,0,1,0,4,2,10,10,6.55108022689819
494,40,74,30,12,16,4,34,1,1,1,0,5,NA,NA,NA,6.20253562927246
890,48,100,40,12,4,8,31,1,0,1,0,0,1,NA,NA,6.79122161865234
520,40,86,28,10,15,12,31,1,0,1,0,0,1,6,NA,6.25382900238037
891,40,90,36,12,16,16,32,1,0,1,0,5,5,12,9,6.79234457015991
570,50,101,43,12,11,12,30,1,0,0,1,2,3,12,NA,6.34563636779785
1444,40,109,33,15,11,1,29,1,0,1,1,2,1,11,9,7.27517223358154
481,48,98,26,12,14,2,31,0,1,0,1,4,3,NA,NA,6.17586708068848
500,44,107,40,12,21,12,38,1,0,1,0,2,NA,12,7,6.21460819244385
1473,40,110,48,16,15,15,36,1,0,1,0,1,2,12,14,7.29505634307861
803,40,120,35,13,4,1,28,1,0,1,1,3,4,10,12,6.6883544921875
962,50,97,34,16,7,2,30,1,0,1,1,0,1,12,12,6.86901426315308
1000,44,103,37,12,9,5,29,1,0,1,1,0,1,11,NA,6.90775537490845
600,40,114,36,16,5,4,30,1,0,1,1,2,1,12,12,6.39692974090576
450,40,95,31,11,12,2,30,1,0,1,0,2,3,8,8,6.10924768447876
629,60,93,32,12,6,1,30,1,1,1,0,8,3,10,6,6.44413137435913
492,60,67,38,12,15,2,34,1,1,1,0,3,NA,8,NA,6.19847869873047
1562,40,97,28,17,7,2,32,1,0,1,1,5,1,12,13,7.3537220954895
357,70,97,34,14,6,3,28,1,0,1,0,1,2,13,16,5.87773561477661
960,40,83,25,13,14,13,32,1,0,1,1,4,NA,10,NA,6.86693334579468
566,45,104,46,16,5,2,32,1,0,1,0,1,2,12,12,6.33859395980835
481,40,82,27,12,9,2,32,1,0,1,0,2,2,12,8,6.17586708068848
1442,40,113,45,16,8,10,35,1,0,1,1,2,2,8,8,7.2737865447998
645,45,93,39,12,11,3,35,1,0,1,0,7,7,7,8,6.46925020217896
788,40,100,23,11,15,6,32,1,1,1,0,5,NA,9,NA,6.66949796676636
644,42,101,38,12,11,5,33,1,0,1,0,4,3,12,NA,6.46769857406616
477,45,100,33,12,9,3,31,1,0,1,0,3,3,7,7,6.16751670837402
664,60,82,30,16,10,9,34,1,1,1,1,3,4,16,16,6.49828195571899
520,40,79,28,16,6,1,30,1,1,1,0,0,1,11,NA,6.25382900238037
1202,40,102,32,13,10,3,31,1,0,1,1,7,7,8,6,7.09174203872681
538,45,77,22,12,12,10,28,1,1,1,0,9,NA,7,NA,6.28785848617554
873,44,109,25,12,12,12,28,1,0,1,0,1,1,NA,11,6.77193546295166
1000,40,107,32,12,17,18,35,1,0,1,0,5,1,NA,NA,6.90775537490845
